"source,""target"",""path"",""path_length"",""path_sign"""
"Access to Primary/Outpatient Care,""30-Day Readmission Rate"",""Access to Primary/Outpatient Care -> Post-Discharge Follow-up Quality -> Early Detection Rate -> 30-Day Readmission Rate"",3,""-"""
"Area Deprivation,""30-Day Readmission Rate"",""Area Deprivation -> Access to Primary/Outpatient Care -> Post-Discharge Follow-up Quality -> Early Detection Rate -> 30-Day Readmission Rate"",4,""+"""
"Average LOS,""30-Day Readmission Rate"",""Average LOS -> Hospital Operating Costs -> Pressure for Cost Containment -> Staffing Levels -> Workload -> Medical Error Rate (Care Quality) -> Discharge Planning Quality -> Premature Discharge Risk -> 30-Day Readmission Rate"",8,""+"""
"Average LOS,""30-Day Readmission Rate"",""Average LOS -> Hospital Operating Costs -> Pressure for Cost Containment -> Staffing Levels -> Workload -> Medical Error Rate (Care Quality) -> Discharge Planning Quality -> Continuity of Care -> Medication Reconciliation Accuracy -> 30-Day Readmission Rate"",9,""+"""
"Average LOS,""30-Day Readmission Rate"",""Average LOS -> Hospital Operating Costs -> Pressure for Cost Containment -> Staffing Levels -> Workload -> Medical Error Rate (Care Quality) -> Discharge Planning Quality -> Continuity of Care -> Post-Discharge Follow-up Quality -> Early Detection Rate -> 30-Day Readmission Rate"",10,""+"""
"Average LOS,""30-Day Readmission Rate"",""Average LOS -> Hospital Operating Costs -> Pressure for Cost Containment -> Discharge Planning Quality -> Premature Discharge Risk -> 30-Day Readmission Rate"",5,""+"""
"Average LOS,""30-Day Readmission Rate"",""Average LOS -> Hospital Operating Costs -> Pressure for Cost Containment -> Discharge Planning Quality -> Continuity of Care -> Medication Reconciliation Accuracy -> 30-Day Readmission Rate"",6,""+"""
"Average LOS,""30-Day Readmission Rate"",""Average LOS -> Hospital Operating Costs -> Pressure for Cost Containment -> Discharge Planning Quality -> Continuity of Care -> Post-Discharge Follow-up Quality -> Early Detection Rate -> 30-Day Readmission Rate"",7,""+"""
"Average LOS,""30-Day Readmission Rate"",""Average LOS -> Hospital Operating Costs -> Hospital Budget Pressure -> Pressure for Cost Containment -> Staffing Levels -> Workload -> Medical Error Rate (Care Quality) -> Discharge Planning Quality -> Premature Discharge Risk -> 30-Day Readmission Rate"",9,""+"""
"Average LOS,""30-Day Readmission Rate"",""Average LOS -> Hospital Operating Costs -> Hospital Budget Pressure -> Pressure for Cost Containment -> Staffing Levels -> Workload -> Medical Error Rate (Care Quality) -> Discharge Planning Quality -> Continuity of Care -> Medication Reconciliation Accuracy -> 30-Day Readmission Rate"",10,""+"""
"Average LOS,""30-Day Readmission Rate"",""Average LOS -> Hospital Operating Costs -> Hospital Budget Pressure -> Pressure for Cost Containment -> Staffing Levels -> Workload -> Medical Error Rate (Care Quality) -> Discharge Planning Quality -> Continuity of Care -> Post-Discharge Follow-up Quality -> Early Detection Rate -> 30-Day Readmission Rate"",11,""+"""
"Average LOS,""30-Day Readmission Rate"",""Average LOS -> Hospital Operating Costs -> Hospital Budget Pressure -> Pressure for Cost Containment -> Discharge Planning Quality -> Premature Discharge Risk -> 30-Day Readmission Rate"",6,""+"""
"Average LOS,""30-Day Readmission Rate"",""Average LOS -> Hospital Operating Costs -> Hospital Budget Pressure -> Pressure for Cost Containment -> Discharge Planning Quality -> Continuity of Care -> Medication Reconciliation Accuracy -> 30-Day Readmission Rate"",7,""+"""
"Average LOS,""30-Day Readmission Rate"",""Average LOS -> Hospital Operating Costs -> Hospital Budget Pressure -> Pressure for Cost Containment -> Discharge Planning Quality -> Continuity of Care -> Post-Discharge Follow-up Quality -> Early Detection Rate -> 30-Day Readmission Rate"",8,""+"""
"Average LOS,""30-Day Readmission Rate"",""Average LOS -> Discharge Planning Quality -> Premature Discharge Risk -> 30-Day Readmission Rate"",3,""-"""
"Average LOS,""30-Day Readmission Rate"",""Average LOS -> Discharge Planning Quality -> Continuity of Care -> Medication Reconciliation Accuracy -> 30-Day Readmission Rate"",4,""-"""
"Average LOS,""30-Day Readmission Rate"",""Average LOS -> Discharge Planning Quality -> Continuity of Care -> Post-Discharge Follow-up Quality -> Early Detection Rate -> 30-Day Readmission Rate"",5,""-"""
"Average LOS,""30-Day Readmission Rate"",""Average LOS -> Pressure for Early Discharge -> Post Discharge Care Needs -> Municipal Care Burden/Workload -> Care Gaps -> Post-Discharge Follow-up Quality -> Early Detection Rate -> 30-Day Readmission Rate"",7,""-"""
"Average LOS,""30-Day Readmission Rate"",""Average LOS -> Pressure for Early Discharge -> Clinical Stability -> Premature Discharge Risk -> 30-Day Readmission Rate"",4,""-"""
"Care Gaps,""30-Day Readmission Rate"",""Care Gaps -> Post-Discharge Follow-up Quality -> Early Detection Rate -> 30-Day Readmission Rate"",3,""+"""
"Clinical Stability,""30-Day Readmission Rate"",""Clinical Stability -> Premature Discharge Risk -> 30-Day Readmission Rate"",2,""-"""
"Cognitive Impairment/Status,""30-Day Readmission Rate"",""Cognitive Impairment/Status -> Patient Clinical Risk Profile -> 30-Day Readmission Rate"",2,""+"""
"Comorbidities,""30-Day Readmission Rate"",""Comorbidities -> Patient Clinical Risk Profile -> 30-Day Readmission Rate"",2,""+"""
"Complications,""30-Day Readmission Rate"",""Complications -> 30-Day Readmission Rate"",1,""+"""
"Continuity of Care,""30-Day Readmission Rate"",""Continuity of Care -> Medication Reconciliation Accuracy -> 30-Day Readmission Rate"",2,""-"""
"Continuity of Care,""30-Day Readmission Rate"",""Continuity of Care -> Post-Discharge Follow-up Quality -> Early Detection Rate -> 30-Day Readmission Rate"",3,""-"""
"Discharge Planning Quality,""30-Day Readmission Rate"",""Discharge Planning Quality -> Average LOS -> Pressure for Early Discharge -> Post Discharge Care Needs -> Municipal Care Burden/Workload -> Care Gaps -> Post-Discharge Follow-up Quality -> Early Detection Rate -> 30-Day Readmission Rate"",8,""+"""
"Discharge Planning Quality,""30-Day Readmission Rate"",""Discharge Planning Quality -> Average LOS -> Pressure for Early Discharge -> Clinical Stability -> Premature Discharge Risk -> 30-Day Readmission Rate"",5,""+"""
"Discharge Planning Quality,""30-Day Readmission Rate"",""Discharge Planning Quality -> Premature Discharge Risk -> 30-Day Readmission Rate"",2,""-"""
"Discharge Planning Quality,""30-Day Readmission Rate"",""Discharge Planning Quality -> Continuity of Care -> Medication Reconciliation Accuracy -> 30-Day Readmission Rate"",3,""-"""
"Discharge Planning Quality,""30-Day Readmission Rate"",""Discharge Planning Quality -> Continuity of Care -> Post-Discharge Follow-up Quality -> Early Detection Rate -> 30-Day Readmission Rate"",4,""-"""
"Early Detection Rate,""30-Day Readmission Rate"",""Early Detection Rate -> 30-Day Readmission Rate"",1,""-"""
"Emergency Department Visits/Prior Hospitalization,""30-Day Readmission Rate"",""Emergency Department Visits/Prior Hospitalization -> Patient Clinical Risk Profile -> 30-Day Readmission Rate"",2,""+"""
"Financial Strain,""30-Day Readmission Rate"",""Financial Strain -> Socio-economic Vulnerability -> Medication Adherence -> Complications -> 30-Day Readmission Rate"",4,""+"""
"Financial Strain,""30-Day Readmission Rate"",""Financial Strain -> Socio-economic Vulnerability -> Post-Discharge self-management -> Complications -> 30-Day Readmission Rate"",4,""+"""
"Frailty/Functional Status,""30-Day Readmission Rate"",""Frailty/Functional Status -> Patient Clinical Risk Profile -> 30-Day Readmission Rate"",2,""+"""
"Funding for Community Care/Services,""30-Day Readmission Rate"",""Funding for Community Care/Services -> Average LOS -> Hospital Operating Costs -> Pressure for Cost Containment -> Staffing Levels -> Workload -> Medical Error Rate (Care Quality) -> Discharge Planning Quality -> Premature Discharge Risk -> 30-Day Readmission Rate"",9,""-"""
"Funding for Community Care/Services,""30-Day Readmission Rate"",""Funding for Community Care/Services -> Average LOS -> Hospital Operating Costs -> Pressure for Cost Containment -> Staffing Levels -> Workload -> Medical Error Rate (Care Quality) -> Discharge Planning Quality -> Continuity of Care -> Medication Reconciliation Accuracy -> 30-Day Readmission Rate"",10,""-"""
"Funding for Community Care/Services,""30-Day Readmission Rate"",""Funding for Community Care/Services -> Average LOS -> Hospital Operating Costs -> Pressure for Cost Containment -> Staffing Levels -> Workload -> Medical Error Rate (Care Quality) -> Discharge Planning Quality -> Continuity of Care -> Post-Discharge Follow-up Quality -> Early Detection Rate -> 30-Day Readmission Rate"",11,""-"""
"Funding for Community Care/Services,""30-Day Readmission Rate"",""Funding for Community Care/Services -> Average LOS -> Hospital Operating Costs -> Pressure for Cost Containment -> Discharge Planning Quality -> Premature Discharge Risk -> 30-Day Readmission Rate"",6,""-"""
"Funding for Community Care/Services,""30-Day Readmission Rate"",""Funding for Community Care/Services -> Average LOS -> Hospital Operating Costs -> Pressure for Cost Containment -> Discharge Planning Quality -> Continuity of Care -> Medication Reconciliation Accuracy -> 30-Day Readmission Rate"",7,""-"""
"Funding for Community Care/Services,""30-Day Readmission Rate"",""Funding for Community Care/Services -> Average LOS -> Hospital Operating Costs -> Pressure for Cost Containment -> Discharge Planning Quality -> Continuity of Care -> Post-Discharge Follow-up Quality -> Early Detection Rate -> 30-Day Readmission Rate"",8,""-"""
"Funding for Community Care/Services,""30-Day Readmission Rate"",""Funding for Community Care/Services -> Average LOS -> Hospital Operating Costs -> Hospital Budget Pressure -> Pressure for Cost Containment -> Staffing Levels -> Workload -> Medical Error Rate (Care Quality) -> Discharge Planning Quality -> Premature Discharge Risk -> 30-Day Readmission Rate"",10,""-"""
"Funding for Community Care/Services,""30-Day Readmission Rate"",""Funding for Community Care/Services -> Average LOS -> Hospital Operating Costs -> Hospital Budget Pressure -> Pressure for Cost Containment -> Staffing Levels -> Workload -> Medical Error Rate (Care Quality) -> Discharge Planning Quality -> Continuity of Care -> Medication Reconciliation Accuracy -> 30-Day Readmission Rate"",11,""-"""
"Funding for Community Care/Services,""30-Day Readmission Rate"",""Funding for Community Care/Services -> Average LOS -> Hospital Operating Costs -> Hospital Budget Pressure -> Pressure for Cost Containment -> Staffing Levels -> Workload -> Medical Error Rate (Care Quality) -> Discharge Planning Quality -> Continuity of Care -> Post-Discharge Follow-up Quality -> Early Detection Rate -> 30-Day Readmission Rate"",12,""-"""
"Funding for Community Care/Services,""30-Day Readmission Rate"",""Funding for Community Care/Services -> Average LOS -> Hospital Operating Costs -> Hospital Budget Pressure -> Pressure for Cost Containment -> Discharge Planning Quality -> Premature Discharge Risk -> 30-Day Readmission Rate"",7,""-"""
"Funding for Community Care/Services,""30-Day Readmission Rate"",""Funding for Community Care/Services -> Average LOS -> Hospital Operating Costs -> Hospital Budget Pressure -> Pressure for Cost Containment -> Discharge Planning Quality -> Continuity of Care -> Medication Reconciliation Accuracy -> 30-Day Readmission Rate"",8,""-"""
"Funding for Community Care/Services,""30-Day Readmission Rate"",""Funding for Community Care/Services -> Average LOS -> Hospital Operating Costs -> Hospital Budget Pressure -> Pressure for Cost Containment -> Discharge Planning Quality -> Continuity of Care -> Post-Discharge Follow-up Quality -> Early Detection Rate -> 30-Day Readmission Rate"",9,""-"""
"Funding for Community Care/Services,""30-Day Readmission Rate"",""Funding for Community Care/Services -> Average LOS -> Discharge Planning Quality -> Premature Discharge Risk -> 30-Day Readmission Rate"",4,""+"""
"Funding for Community Care/Services,""30-Day Readmission Rate"",""Funding for Community Care/Services -> Average LOS -> Discharge Planning Quality -> Continuity of Care -> Medication Reconciliation Accuracy -> 30-Day Readmission Rate"",5,""+"""
"Funding for Community Care/Services,""30-Day Readmission Rate"",""Funding for Community Care/Services -> Average LOS -> Discharge Planning Quality -> Continuity of Care -> Post-Discharge Follow-up Quality -> Early Detection Rate -> 30-Day Readmission Rate"",6,""+"""
"Funding for Community Care/Services,""30-Day Readmission Rate"",""Funding for Community Care/Services -> Average LOS -> Pressure for Early Discharge -> Post Discharge Care Needs -> Municipal Care Burden/Workload -> Care Gaps -> Post-Discharge Follow-up Quality -> Early Detection Rate -> 30-Day Readmission Rate"",8,""+"""
"Funding for Community Care/Services,""30-Day Readmission Rate"",""Funding for Community Care/Services -> Average LOS -> Pressure for Early Discharge -> Clinical Stability -> Premature Discharge Risk -> 30-Day Readmission Rate"",5,""+"""
"Funding for Community Care/Services,""30-Day Readmission Rate"",""Funding for Community Care/Services -> Post-Discharge Follow-up Quality -> Early Detection Rate -> 30-Day Readmission Rate"",3,""-"""
"Funding for Community Care/Services,""30-Day Readmission Rate"",""Funding for Community Care/Services -> Unmet ADL needs -> Premature Discharge Risk -> 30-Day Readmission Rate"",3,""-"""
"Funding for Quality Improvement,""30-Day Readmission Rate"",""Funding for Quality Improvement -> Discharge Planning Quality -> Average LOS -> Pressure for Early Discharge -> Post Discharge Care Needs -> Municipal Care Burden/Workload -> Care Gaps -> Post-Discharge Follow-up Quality -> Early Detection Rate -> 30-Day Readmission Rate"",9,""+"""
"Funding for Quality Improvement,""30-Day Readmission Rate"",""Funding for Quality Improvement -> Discharge Planning Quality -> Average LOS -> Pressure for Early Discharge -> Clinical Stability -> Premature Discharge Risk -> 30-Day Readmission Rate"",6,""+"""
"Funding for Quality Improvement,""30-Day Readmission Rate"",""Funding for Quality Improvement -> Discharge Planning Quality -> Premature Discharge Risk -> 30-Day Readmission Rate"",3,""-"""
"Funding for Quality Improvement,""30-Day Readmission Rate"",""Funding for Quality Improvement -> Discharge Planning Quality -> Continuity of Care -> Medication Reconciliation Accuracy -> 30-Day Readmission Rate"",4,""-"""
"Funding for Quality Improvement,""30-Day Readmission Rate"",""Funding for Quality Improvement -> Discharge Planning Quality -> Continuity of Care -> Post-Discharge Follow-up Quality -> Early Detection Rate -> 30-Day Readmission Rate"",5,""-"""
"Health Expenditure (GDP-Percent),""30-Day Readmission Rate"",""Health Expenditure (GDP-Percent) -> Municipal Investment -> Access to Primary/Outpatient Care -> Post-Discharge Follow-up Quality -> Early Detection Rate -> 30-Day Readmission Rate"",5,""-"""
"Health Expenditure (GDP-Percent),""30-Day Readmission Rate"",""Health Expenditure (GDP-Percent) -> Hospital Budget Allocation -> Hospital Capacity strain -> Hospital Admissions -> Hospital Operating Costs -> Hospital Efficiency Mandates -> Average LOS -> Discharge Planning Quality -> Premature Discharge Risk -> 30-Day Readmission Rate"",9,""+"""
"Health Expenditure (GDP-Percent),""30-Day Readmission Rate"",""Health Expenditure (GDP-Percent) -> Hospital Budget Allocation -> Hospital Capacity strain -> Hospital Admissions -> Hospital Operating Costs -> Hospital Efficiency Mandates -> Average LOS -> Discharge Planning Quality -> Continuity of Care -> Medication Reconciliation Accuracy -> 30-Day Readmission Rate"",10,""+"""
"Health Expenditure (GDP-Percent),""30-Day Readmission Rate"",""Health Expenditure (GDP-Percent) -> Hospital Budget Allocation -> Hospital Capacity strain -> Hospital Admissions -> Hospital Operating Costs -> Hospital Efficiency Mandates -> Average LOS -> Discharge Planning Quality -> Continuity of Care -> Post-Discharge Follow-up Quality -> Early Detection Rate -> 30-Day Readmission Rate"",11,""+"""
"Health Expenditure (GDP-Percent),""30-Day Readmission Rate"",""Health Expenditure (GDP-Percent) -> Hospital Budget Allocation -> Hospital Capacity strain -> Hospital Admissions -> Hospital Operating Costs -> Hospital Efficiency Mandates -> Average LOS -> Pressure for Early Discharge -> Post Discharge Care Needs -> Municipal Care Burden/Workload -> Care Gaps -> Post-Discharge Follow-up Quality -> Early Detection Rate -> 30-Day Readmission Rate"",13,""+"""
"Health Expenditure (GDP-Percent),""30-Day Readmission Rate"",""Health Expenditure (GDP-Percent) -> Hospital Budget Allocation -> Hospital Capacity strain -> Hospital Admissions -> Hospital Operating Costs -> Hospital Efficiency Mandates -> Average LOS -> Pressure for Early Discharge -> Clinical Stability -> Premature Discharge Risk -> 30-Day Readmission Rate"",10,""+"""
"Health Expenditure (GDP-Percent),""30-Day Readmission Rate"",""Health Expenditure (GDP-Percent) -> Hospital Budget Allocation -> Hospital Capacity strain -> Hospital Admissions -> Hospital Operating Costs -> Pressure for Cost Containment -> Average LOS -> Discharge Planning Quality -> Premature Discharge Risk -> 30-Day Readmission Rate"",9,""+"""
"Health Expenditure (GDP-Percent),""30-Day Readmission Rate"",""Health Expenditure (GDP-Percent) -> Hospital Budget Allocation -> Hospital Capacity strain -> Hospital Admissions -> Hospital Operating Costs -> Pressure for Cost Containment -> Average LOS -> Discharge Planning Quality -> Continuity of Care -> Medication Reconciliation Accuracy -> 30-Day Readmission Rate"",10,""+"""
"Health Expenditure (GDP-Percent),""30-Day Readmission Rate"",""Health Expenditure (GDP-Percent) -> Hospital Budget Allocation -> Hospital Capacity strain -> Hospital Admissions -> Hospital Operating Costs -> Pressure for Cost Containment -> Average LOS -> Discharge Planning Quality -> Continuity of Care -> Post-Discharge Follow-up Quality -> Early Detection Rate -> 30-Day Readmission Rate"",11,""+"""
"Health Expenditure (GDP-Percent),""30-Day Readmission Rate"",""Health Expenditure (GDP-Percent) -> Hospital Budget Allocation -> Hospital Capacity strain -> Hospital Admissions -> Hospital Operating Costs -> Pressure for Cost Containment -> Average LOS -> Pressure for Early Discharge -> Post Discharge Care Needs -> Municipal Care Burden/Workload -> Care Gaps -> Post-Discharge Follow-up Quality -> Early Detection Rate -> 30-Day Readmission Rate"",13,""+"""
"Health Expenditure (GDP-Percent),""30-Day Readmission Rate"",""Health Expenditure (GDP-Percent) -> Hospital Budget Allocation -> Hospital Capacity strain -> Hospital Admissions -> Hospital Operating Costs -> Pressure for Cost Containment -> Average LOS -> Pressure for Early Discharge -> Clinical Stability -> Premature Discharge Risk -> 30-Day Readmission Rate"",10,""+"""
"Health Expenditure (GDP-Percent),""30-Day Readmission Rate"",""Health Expenditure (GDP-Percent) -> Hospital Budget Allocation -> Hospital Capacity strain -> Hospital Admissions -> Hospital Operating Costs -> Pressure for Cost Containment -> Staffing Levels -> Workload -> Medical Error Rate (Care Quality) -> Discharge Planning Quality -> Average LOS -> Pressure for Early Discharge -> Post Discharge Care Needs -> Municipal Care Burden/Workload -> Care Gaps -> Post-Discharge Follow-up Quality -> Early Detection Rate -> 30-Day Readmission Rate"",17,""-"""
"Health Expenditure (GDP-Percent),""30-Day Readmission Rate"",""Health Expenditure (GDP-Percent) -> Hospital Budget Allocation -> Hospital Capacity strain -> Hospital Admissions -> Hospital Operating Costs -> Pressure for Cost Containment -> Staffing Levels -> Workload -> Medical Error Rate (Care Quality) -> Discharge Planning Quality -> Average LOS -> Pressure for Early Discharge -> Clinical Stability -> Premature Discharge Risk -> 30-Day Readmission Rate"",14,""-"""
"Health Expenditure (GDP-Percent),""30-Day Readmission Rate"",""Health Expenditure (GDP-Percent) -> Hospital Budget Allocation -> Hospital Capacity strain -> Hospital Admissions -> Hospital Operating Costs -> Pressure for Cost Containment -> Staffing Levels -> Workload -> Medical Error Rate (Care Quality) -> Discharge Planning Quality -> Premature Discharge Risk -> 30-Day Readmission Rate"",11,""+"""
"Health Expenditure (GDP-Percent),""30-Day Readmission Rate"",""Health Expenditure (GDP-Percent) -> Hospital Budget Allocation -> Hospital Capacity strain -> Hospital Admissions -> Hospital Operating Costs -> Pressure for Cost Containment -> Staffing Levels -> Workload -> Medical Error Rate (Care Quality) -> Discharge Planning Quality -> Continuity of Care -> Medication Reconciliation Accuracy -> 30-Day Readmission Rate"",12,""+"""
"Health Expenditure (GDP-Percent),""30-Day Readmission Rate"",""Health Expenditure (GDP-Percent) -> Hospital Budget Allocation -> Hospital Capacity strain -> Hospital Admissions -> Hospital Operating Costs -> Pressure for Cost Containment -> Staffing Levels -> Workload -> Medical Error Rate (Care Quality) -> Discharge Planning Quality -> Continuity of Care -> Post-Discharge Follow-up Quality -> Early Detection Rate -> 30-Day Readmission Rate"",13,""+"""
"Health Expenditure (GDP-Percent),""30-Day Readmission Rate"",""Health Expenditure (GDP-Percent) -> Hospital Budget Allocation -> Hospital Capacity strain -> Hospital Admissions -> Hospital Operating Costs -> Pressure for Cost Containment -> Discharge Planning Quality -> Average LOS -> Pressure for Early Discharge -> Post Discharge Care Needs -> Municipal Care Burden/Workload -> Care Gaps -> Post-Discharge Follow-up Quality -> Early Detection Rate -> 30-Day Readmission Rate"",14,""-"""
"Health Expenditure (GDP-Percent),""30-Day Readmission Rate"",""Health Expenditure (GDP-Percent) -> Hospital Budget Allocation -> Hospital Capacity strain -> Hospital Admissions -> Hospital Operating Costs -> Pressure for Cost Containment -> Discharge Planning Quality -> Average LOS -> Pressure for Early Discharge -> Clinical Stability -> Premature Discharge Risk -> 30-Day Readmission Rate"",11,""-"""
"Health Expenditure (GDP-Percent),""30-Day Readmission Rate"",""Health Expenditure (GDP-Percent) -> Hospital Budget Allocation -> Hospital Capacity strain -> Hospital Admissions -> Hospital Operating Costs -> Pressure for Cost Containment -> Discharge Planning Quality -> Premature Discharge Risk -> 30-Day Readmission Rate"",8,""+"""
"Health Expenditure (GDP-Percent),""30-Day Readmission Rate"",""Health Expenditure (GDP-Percent) -> Hospital Budget Allocation -> Hospital Capacity strain -> Hospital Admissions -> Hospital Operating Costs -> Pressure for Cost Containment -> Discharge Planning Quality -> Continuity of Care -> Medication Reconciliation Accuracy -> 30-Day Readmission Rate"",9,""+"""
"Health Expenditure (GDP-Percent),""30-Day Readmission Rate"",""Health Expenditure (GDP-Percent) -> Hospital Budget Allocation -> Hospital Capacity strain -> Hospital Admissions -> Hospital Operating Costs -> Pressure for Cost Containment -> Discharge Planning Quality -> Continuity of Care -> Post-Discharge Follow-up Quality -> Early Detection Rate -> 30-Day Readmission Rate"",10,""+"""
"Health Expenditure (GDP-Percent),""30-Day Readmission Rate"",""Health Expenditure (GDP-Percent) -> Hospital Budget Allocation -> Hospital Capacity strain -> Hospital Admissions -> Hospital Operating Costs -> Hospital Budget Pressure -> Hospital Efficiency Mandates -> Average LOS -> Discharge Planning Quality -> Premature Discharge Risk -> 30-Day Readmission Rate"",10,""+"""
"Health Expenditure (GDP-Percent),""30-Day Readmission Rate"",""Health Expenditure (GDP-Percent) -> Hospital Budget Allocation -> Hospital Capacity strain -> Hospital Admissions -> Hospital Operating Costs -> Hospital Budget Pressure -> Hospital Efficiency Mandates -> Average LOS -> Discharge Planning Quality -> Continuity of Care -> Medication Reconciliation Accuracy -> 30-Day Readmission Rate"",11,""+"""
"Health Expenditure (GDP-Percent),""30-Day Readmission Rate"",""Health Expenditure (GDP-Percent) -> Hospital Budget Allocation -> Hospital Capacity strain -> Hospital Admissions -> Hospital Operating Costs -> Hospital Budget Pressure -> Hospital Efficiency Mandates -> Average LOS -> Discharge Planning Quality -> Continuity of Care -> Post-Discharge Follow-up Quality -> Early Detection Rate -> 30-Day Readmission Rate"",12,""+"""
"Health Expenditure (GDP-Percent),""30-Day Readmission Rate"",""Health Expenditure (GDP-Percent) -> Hospital Budget Allocation -> Hospital Capacity strain -> Hospital Admissions -> Hospital Operating Costs -> Hospital Budget Pressure -> Hospital Efficiency Mandates -> Average LOS -> Pressure for Early Discharge -> Post Discharge Care Needs -> Municipal Care Burden/Workload -> Care Gaps -> Post-Discharge Follow-up Quality -> Early Detection Rate -> 30-Day Readmission Rate"",14,""+"""
"Health Expenditure (GDP-Percent),""30-Day Readmission Rate"",""Health Expenditure (GDP-Percent) -> Hospital Budget Allocation -> Hospital Capacity strain -> Hospital Admissions -> Hospital Operating Costs -> Hospital Budget Pressure -> Hospital Efficiency Mandates -> Average LOS -> Pressure for Early Discharge -> Clinical Stability -> Premature Discharge Risk -> 30-Day Readmission Rate"",11,""+"""
"Health Expenditure (GDP-Percent),""30-Day Readmission Rate"",""Health Expenditure (GDP-Percent) -> Hospital Budget Allocation -> Hospital Capacity strain -> Hospital Admissions -> Hospital Operating Costs -> Hospital Budget Pressure -> Pressure for Cost Containment -> Average LOS -> Discharge Planning Quality -> Premature Discharge Risk -> 30-Day Readmission Rate"",10,""+"""
"Health Expenditure (GDP-Percent),""30-Day Readmission Rate"",""Health Expenditure (GDP-Percent) -> Hospital Budget Allocation -> Hospital Capacity strain -> Hospital Admissions -> Hospital Operating Costs -> Hospital Budget Pressure -> Pressure for Cost Containment -> Average LOS -> Discharge Planning Quality -> Continuity of Care -> Medication Reconciliation Accuracy -> 30-Day Readmission Rate"",11,""+"""
"Health Expenditure (GDP-Percent),""30-Day Readmission Rate"",""Health Expenditure (GDP-Percent) -> Hospital Budget Allocation -> Hospital Capacity strain -> Hospital Admissions -> Hospital Operating Costs -> Hospital Budget Pressure -> Pressure for Cost Containment -> Average LOS -> Discharge Planning Quality -> Continuity of Care -> Post-Discharge Follow-up Quality -> Early Detection Rate -> 30-Day Readmission Rate"",12,""+"""
"Health Expenditure (GDP-Percent),""30-Day Readmission Rate"",""Health Expenditure (GDP-Percent) -> Hospital Budget Allocation -> Hospital Capacity strain -> Hospital Admissions -> Hospital Operating Costs -> Hospital Budget Pressure -> Pressure for Cost Containment -> Average LOS -> Pressure for Early Discharge -> Post Discharge Care Needs -> Municipal Care Burden/Workload -> Care Gaps -> Post-Discharge Follow-up Quality -> Early Detection Rate -> 30-Day Readmission Rate"",14,""+"""
"Health Expenditure (GDP-Percent),""30-Day Readmission Rate"",""Health Expenditure (GDP-Percent) -> Hospital Budget Allocation -> Hospital Capacity strain -> Hospital Admissions -> Hospital Operating Costs -> Hospital Budget Pressure -> Pressure for Cost Containment -> Average LOS -> Pressure for Early Discharge -> Clinical Stability -> Premature Discharge Risk -> 30-Day Readmission Rate"",11,""+"""
"Health Expenditure (GDP-Percent),""30-Day Readmission Rate"",""Health Expenditure (GDP-Percent) -> Hospital Budget Allocation -> Hospital Capacity strain -> Hospital Admissions -> Hospital Operating Costs -> Hospital Budget Pressure -> Pressure for Cost Containment -> Staffing Levels -> Workload -> Medical Error Rate (Care Quality) -> Discharge Planning Quality -> Average LOS -> Pressure for Early Discharge -> Post Discharge Care Needs -> Municipal Care Burden/Workload -> Care Gaps -> Post-Discharge Follow-up Quality -> Early Detection Rate -> 30-Day Readmission Rate"",18,""-"""
"Health Expenditure (GDP-Percent),""30-Day Readmission Rate"",""Health Expenditure (GDP-Percent) -> Hospital Budget Allocation -> Hospital Capacity strain -> Hospital Admissions -> Hospital Operating Costs -> Hospital Budget Pressure -> Pressure for Cost Containment -> Staffing Levels -> Workload -> Medical Error Rate (Care Quality) -> Discharge Planning Quality -> Average LOS -> Pressure for Early Discharge -> Clinical Stability -> Premature Discharge Risk -> 30-Day Readmission Rate"",15,""-"""
"Health Expenditure (GDP-Percent),""30-Day Readmission Rate"",""Health Expenditure (GDP-Percent) -> Hospital Budget Allocation -> Hospital Capacity strain -> Hospital Admissions -> Hospital Operating Costs -> Hospital Budget Pressure -> Pressure for Cost Containment -> Staffing Levels -> Workload -> Medical Error Rate (Care Quality) -> Discharge Planning Quality -> Premature Discharge Risk -> 30-Day Readmission Rate"",12,""+"""
"Health Expenditure (GDP-Percent),""30-Day Readmission Rate"",""Health Expenditure (GDP-Percent) -> Hospital Budget Allocation -> Hospital Capacity strain -> Hospital Admissions -> Hospital Operating Costs -> Hospital Budget Pressure -> Pressure for Cost Containment -> Staffing Levels -> Workload -> Medical Error Rate (Care Quality) -> Discharge Planning Quality -> Continuity of Care -> Medication Reconciliation Accuracy -> 30-Day Readmission Rate"",13,""+"""
"Health Expenditure (GDP-Percent),""30-Day Readmission Rate"",""Health Expenditure (GDP-Percent) -> Hospital Budget Allocation -> Hospital Capacity strain -> Hospital Admissions -> Hospital Operating Costs -> Hospital Budget Pressure -> Pressure for Cost Containment -> Staffing Levels -> Workload -> Medical Error Rate (Care Quality) -> Discharge Planning Quality -> Continuity of Care -> Post-Discharge Follow-up Quality -> Early Detection Rate -> 30-Day Readmission Rate"",14,""+"""
"Health Expenditure (GDP-Percent),""30-Day Readmission Rate"",""Health Expenditure (GDP-Percent) -> Hospital Budget Allocation -> Hospital Capacity strain -> Hospital Admissions -> Hospital Operating Costs -> Hospital Budget Pressure -> Pressure for Cost Containment -> Discharge Planning Quality -> Average LOS -> Pressure for Early Discharge -> Post Discharge Care Needs -> Municipal Care Burden/Workload -> Care Gaps -> Post-Discharge Follow-up Quality -> Early Detection Rate -> 30-Day Readmission Rate"",15,""-"""
"Health Expenditure (GDP-Percent),""30-Day Readmission Rate"",""Health Expenditure (GDP-Percent) -> Hospital Budget Allocation -> Hospital Capacity strain -> Hospital Admissions -> Hospital Operating Costs -> Hospital Budget Pressure -> Pressure for Cost Containment -> Discharge Planning Quality -> Average LOS -> Pressure for Early Discharge -> Clinical Stability -> Premature Discharge Risk -> 30-Day Readmission Rate"",12,""-"""
"Health Expenditure (GDP-Percent),""30-Day Readmission Rate"",""Health Expenditure (GDP-Percent) -> Hospital Budget Allocation -> Hospital Capacity strain -> Hospital Admissions -> Hospital Operating Costs -> Hospital Budget Pressure -> Pressure for Cost Containment -> Discharge Planning Quality -> Premature Discharge Risk -> 30-Day Readmission Rate"",9,""+"""
"Health Expenditure (GDP-Percent),""30-Day Readmission Rate"",""Health Expenditure (GDP-Percent) -> Hospital Budget Allocation -> Hospital Capacity strain -> Hospital Admissions -> Hospital Operating Costs -> Hospital Budget Pressure -> Pressure for Cost Containment -> Discharge Planning Quality -> Continuity of Care -> Medication Reconciliation Accuracy -> 30-Day Readmission Rate"",10,""+"""
"Health Expenditure (GDP-Percent),""30-Day Readmission Rate"",""Health Expenditure (GDP-Percent) -> Hospital Budget Allocation -> Hospital Capacity strain -> Hospital Admissions -> Hospital Operating Costs -> Hospital Budget Pressure -> Pressure for Cost Containment -> Discharge Planning Quality -> Continuity of Care -> Post-Discharge Follow-up Quality -> Early Detection Rate -> 30-Day Readmission Rate"",11,""+"""
"Health Expenditure (GDP-Percent),""30-Day Readmission Rate"",""Health Expenditure (GDP-Percent) -> Hospital Budget Allocation -> Hospital Capacity strain -> Hospital Admissions -> Workload -> Medical Error Rate (Care Quality) -> Discharge Planning Quality -> Average LOS -> Pressure for Early Discharge -> Post Discharge Care Needs -> Municipal Care Burden/Workload -> Care Gaps -> Post-Discharge Follow-up Quality -> Early Detection Rate -> 30-Day Readmission Rate"",14,""-"""
"Health Expenditure (GDP-Percent),""30-Day Readmission Rate"",""Health Expenditure (GDP-Percent) -> Hospital Budget Allocation -> Hospital Capacity strain -> Hospital Admissions -> Workload -> Medical Error Rate (Care Quality) -> Discharge Planning Quality -> Average LOS -> Pressure for Early Discharge -> Clinical Stability -> Premature Discharge Risk -> 30-Day Readmission Rate"",11,""-"""
"Health Expenditure (GDP-Percent),""30-Day Readmission Rate"",""Health Expenditure (GDP-Percent) -> Hospital Budget Allocation -> Hospital Capacity strain -> Hospital Admissions -> Workload -> Medical Error Rate (Care Quality) -> Discharge Planning Quality -> Premature Discharge Risk -> 30-Day Readmission Rate"",8,""+"""
"Health Expenditure (GDP-Percent),""30-Day Readmission Rate"",""Health Expenditure (GDP-Percent) -> Hospital Budget Allocation -> Hospital Capacity strain -> Hospital Admissions -> Workload -> Medical Error Rate (Care Quality) -> Discharge Planning Quality -> Continuity of Care -> Medication Reconciliation Accuracy -> 30-Day Readmission Rate"",9,""+"""
"Health Expenditure (GDP-Percent),""30-Day Readmission Rate"",""Health Expenditure (GDP-Percent) -> Hospital Budget Allocation -> Hospital Capacity strain -> Hospital Admissions -> Workload -> Medical Error Rate (Care Quality) -> Discharge Planning Quality -> Continuity of Care -> Post-Discharge Follow-up Quality -> Early Detection Rate -> 30-Day Readmission Rate"",10,""+"""
"Health Expenditure (GDP-Percent),""30-Day Readmission Rate"",""Health Expenditure (GDP-Percent) -> Hospital Budget Allocation -> Hospital Capacity strain -> Hospital Admissions -> Patients Satisfaction -> Policy Support for Quality -> Funding for Quality Improvement -> Discharge Planning Quality -> Average LOS -> Pressure for Early Discharge -> Post Discharge Care Needs -> Municipal Care Burden/Workload -> Care Gaps -> Post-Discharge Follow-up Quality -> Early Detection Rate -> 30-Day Readmission Rate"",15,""+"""
"Health Expenditure (GDP-Percent),""30-Day Readmission Rate"",""Health Expenditure (GDP-Percent) -> Hospital Budget Allocation -> Hospital Capacity strain -> Hospital Admissions -> Patients Satisfaction -> Policy Support for Quality -> Funding for Quality Improvement -> Discharge Planning Quality -> Average LOS -> Pressure for Early Discharge -> Clinical Stability -> Premature Discharge Risk -> 30-Day Readmission Rate"",12,""+"""
"Health Expenditure (GDP-Percent),""30-Day Readmission Rate"",""Health Expenditure (GDP-Percent) -> Hospital Budget Allocation -> Hospital Capacity strain -> Hospital Admissions -> Patients Satisfaction -> Policy Support for Quality -> Funding for Quality Improvement -> Discharge Planning Quality -> Premature Discharge Risk -> 30-Day Readmission Rate"",9,""-"""
"Health Expenditure (GDP-Percent),""30-Day Readmission Rate"",""Health Expenditure (GDP-Percent) -> Hospital Budget Allocation -> Hospital Capacity strain -> Hospital Admissions -> Patients Satisfaction -> Policy Support for Quality -> Funding for Quality Improvement -> Discharge Planning Quality -> Continuity of Care -> Medication Reconciliation Accuracy -> 30-Day Readmission Rate"",10,""-"""
"Health Expenditure (GDP-Percent),""30-Day Readmission Rate"",""Health Expenditure (GDP-Percent) -> Hospital Budget Allocation -> Hospital Capacity strain -> Hospital Admissions -> Patients Satisfaction -> Policy Support for Quality -> Funding for Quality Improvement -> Discharge Planning Quality -> Continuity of Care -> Post-Discharge Follow-up Quality -> Early Detection Rate -> 30-Day Readmission Rate"",11,""-"""
"Health Expenditure (GDP-Percent),""30-Day Readmission Rate"",""Health Expenditure (GDP-Percent) -> Hospital Budget Allocation -> Hospital Capacity strain -> Hospital Admissions -> Hospital Budget Pressure -> Hospital Efficiency Mandates -> Average LOS -> Hospital Operating Costs -> Pressure for Cost Containment -> Staffing Levels -> Workload -> Medical Error Rate (Care Quality) -> Discharge Planning Quality -> Premature Discharge Risk -> 30-Day Readmission Rate"",14,""-"""
"Health Expenditure (GDP-Percent),""30-Day Readmission Rate"",""Health Expenditure (GDP-Percent) -> Hospital Budget Allocation -> Hospital Capacity strain -> Hospital Admissions -> Hospital Budget Pressure -> Hospital Efficiency Mandates -> Average LOS -> Hospital Operating Costs -> Pressure for Cost Containment -> Staffing Levels -> Workload -> Medical Error Rate (Care Quality) -> Discharge Planning Quality -> Continuity of Care -> Medication Reconciliation Accuracy -> 30-Day Readmission Rate"",15,""-"""
"Health Expenditure (GDP-Percent),""30-Day Readmission Rate"",""Health Expenditure (GDP-Percent) -> Hospital Budget Allocation -> Hospital Capacity strain -> Hospital Admissions -> Hospital Budget Pressure -> Hospital Efficiency Mandates -> Average LOS -> Hospital Operating Costs -> Pressure for Cost Containment -> Staffing Levels -> Workload -> Medical Error Rate (Care Quality) -> Discharge Planning Quality -> Continuity of Care -> Post-Discharge Follow-up Quality -> Early Detection Rate -> 30-Day Readmission Rate"",16,""-"""
"Health Expenditure (GDP-Percent),""30-Day Readmission Rate"",""Health Expenditure (GDP-Percent) -> Hospital Budget Allocation -> Hospital Capacity strain -> Hospital Admissions -> Hospital Budget Pressure -> Hospital Efficiency Mandates -> Average LOS -> Hospital Operating Costs -> Pressure for Cost Containment -> Discharge Planning Quality -> Premature Discharge Risk -> 30-Day Readmission Rate"",11,""-"""
"Health Expenditure (GDP-Percent),""30-Day Readmission Rate"",""Health Expenditure (GDP-Percent) -> Hospital Budget Allocation -> Hospital Capacity strain -> Hospital Admissions -> Hospital Budget Pressure -> Hospital Efficiency Mandates -> Average LOS -> Hospital Operating Costs -> Pressure for Cost Containment -> Discharge Planning Quality -> Continuity of Care -> Medication Reconciliation Accuracy -> 30-Day Readmission Rate"",12,""-"""
"Health Expenditure (GDP-Percent),""30-Day Readmission Rate"",""Health Expenditure (GDP-Percent) -> Hospital Budget Allocation -> Hospital Capacity strain -> Hospital Admissions -> Hospital Budget Pressure -> Hospital Efficiency Mandates -> Average LOS -> Hospital Operating Costs -> Pressure for Cost Containment -> Discharge Planning Quality -> Continuity of Care -> Post-Discharge Follow-up Quality -> Early Detection Rate -> 30-Day Readmission Rate"",13,""-"""
"Health Expenditure (GDP-Percent),""30-Day Readmission Rate"",""Health Expenditure (GDP-Percent) -> Hospital Budget Allocation -> Hospital Capacity strain -> Hospital Admissions -> Hospital Budget Pressure -> Hospital Efficiency Mandates -> Average LOS -> Discharge Planning Quality -> Premature Discharge Risk -> 30-Day Readmission Rate"",9,""+"""
"Health Expenditure (GDP-Percent),""30-Day Readmission Rate"",""Health Expenditure (GDP-Percent) -> Hospital Budget Allocation -> Hospital Capacity strain -> Hospital Admissions -> Hospital Budget Pressure -> Hospital Efficiency Mandates -> Average LOS -> Discharge Planning Quality -> Continuity of Care -> Medication Reconciliation Accuracy -> 30-Day Readmission Rate"",10,""+"""
"Health Expenditure (GDP-Percent),""30-Day Readmission Rate"",""Health Expenditure (GDP-Percent) -> Hospital Budget Allocation -> Hospital Capacity strain -> Hospital Admissions -> Hospital Budget Pressure -> Hospital Efficiency Mandates -> Average LOS -> Discharge Planning Quality -> Continuity of Care -> Post-Discharge Follow-up Quality -> Early Detection Rate -> 30-Day Readmission Rate"",11,""+"""
"Health Expenditure (GDP-Percent),""30-Day Readmission Rate"",""Health Expenditure (GDP-Percent) -> Hospital Budget Allocation -> Hospital Capacity strain -> Hospital Admissions -> Hospital Budget Pressure -> Hospital Efficiency Mandates -> Average LOS -> Pressure for Early Discharge -> Post Discharge Care Needs -> Municipal Care Burden/Workload -> Care Gaps -> Post-Discharge Follow-up Quality -> Early Detection Rate -> 30-Day Readmission Rate"",13,""+"""
"Health Expenditure (GDP-Percent),""30-Day Readmission Rate"",""Health Expenditure (GDP-Percent) -> Hospital Budget Allocation -> Hospital Capacity strain -> Hospital Admissions -> Hospital Budget Pressure -> Hospital Efficiency Mandates -> Average LOS -> Pressure for Early Discharge -> Clinical Stability -> Premature Discharge Risk -> 30-Day Readmission Rate"",10,""+"""
"Health Expenditure (GDP-Percent),""30-Day Readmission Rate"",""Health Expenditure (GDP-Percent) -> Hospital Budget Allocation -> Hospital Capacity strain -> Hospital Admissions -> Hospital Budget Pressure -> Pressure for Cost Containment -> Average LOS -> Discharge Planning Quality -> Premature Discharge Risk -> 30-Day Readmission Rate"",9,""+"""
"Health Expenditure (GDP-Percent),""30-Day Readmission Rate"",""Health Expenditure (GDP-Percent) -> Hospital Budget Allocation -> Hospital Capacity strain -> Hospital Admissions -> Hospital Budget Pressure -> Pressure for Cost Containment -> Average LOS -> Discharge Planning Quality -> Continuity of Care -> Medication Reconciliation Accuracy -> 30-Day Readmission Rate"",10,""+"""
"Health Expenditure (GDP-Percent),""30-Day Readmission Rate"",""Health Expenditure (GDP-Percent) -> Hospital Budget Allocation -> Hospital Capacity strain -> Hospital Admissions -> Hospital Budget Pressure -> Pressure for Cost Containment -> Average LOS -> Discharge Planning Quality -> Continuity of Care -> Post-Discharge Follow-up Quality -> Early Detection Rate -> 30-Day Readmission Rate"",11,""+"""
"Health Expenditure (GDP-Percent),""30-Day Readmission Rate"",""Health Expenditure (GDP-Percent) -> Hospital Budget Allocation -> Hospital Capacity strain -> Hospital Admissions -> Hospital Budget Pressure -> Pressure for Cost Containment -> Average LOS -> Pressure for Early Discharge -> Post Discharge Care Needs -> Municipal Care Burden/Workload -> Care Gaps -> Post-Discharge Follow-up Quality -> Early Detection Rate -> 30-Day Readmission Rate"",13,""+"""
"Health Expenditure (GDP-Percent),""30-Day Readmission Rate"",""Health Expenditure (GDP-Percent) -> Hospital Budget Allocation -> Hospital Capacity strain -> Hospital Admissions -> Hospital Budget Pressure -> Pressure for Cost Containment -> Average LOS -> Pressure for Early Discharge -> Clinical Stability -> Premature Discharge Risk -> 30-Day Readmission Rate"",10,""+"""
"Health Expenditure (GDP-Percent),""30-Day Readmission Rate"",""Health Expenditure (GDP-Percent) -> Hospital Budget Allocation -> Hospital Capacity strain -> Hospital Admissions -> Hospital Budget Pressure -> Pressure for Cost Containment -> Staffing Levels -> Workload -> Medical Error Rate (Care Quality) -> Discharge Planning Quality -> Average LOS -> Pressure for Early Discharge -> Post Discharge Care Needs -> Municipal Care Burden/Workload -> Care Gaps -> Post-Discharge Follow-up Quality -> Early Detection Rate -> 30-Day Readmission Rate"",17,""-"""
"Health Expenditure (GDP-Percent),""30-Day Readmission Rate"",""Health Expenditure (GDP-Percent) -> Hospital Budget Allocation -> Hospital Capacity strain -> Hospital Admissions -> Hospital Budget Pressure -> Pressure for Cost Containment -> Staffing Levels -> Workload -> Medical Error Rate (Care Quality) -> Discharge Planning Quality -> Average LOS -> Pressure for Early Discharge -> Clinical Stability -> Premature Discharge Risk -> 30-Day Readmission Rate"",14,""-"""
"Health Expenditure (GDP-Percent),""30-Day Readmission Rate"",""Health Expenditure (GDP-Percent) -> Hospital Budget Allocation -> Hospital Capacity strain -> Hospital Admissions -> Hospital Budget Pressure -> Pressure for Cost Containment -> Staffing Levels -> Workload -> Medical Error Rate (Care Quality) -> Discharge Planning Quality -> Premature Discharge Risk -> 30-Day Readmission Rate"",11,""+"""
"Health Expenditure (GDP-Percent),""30-Day Readmission Rate"",""Health Expenditure (GDP-Percent) -> Hospital Budget Allocation -> Hospital Capacity strain -> Hospital Admissions -> Hospital Budget Pressure -> Pressure for Cost Containment -> Staffing Levels -> Workload -> Medical Error Rate (Care Quality) -> Discharge Planning Quality -> Continuity of Care -> Medication Reconciliation Accuracy -> 30-Day Readmission Rate"",12,""+"""
"Health Expenditure (GDP-Percent),""30-Day Readmission Rate"",""Health Expenditure (GDP-Percent) -> Hospital Budget Allocation -> Hospital Capacity strain -> Hospital Admissions -> Hospital Budget Pressure -> Pressure for Cost Containment -> Staffing Levels -> Workload -> Medical Error Rate (Care Quality) -> Discharge Planning Quality -> Continuity of Care -> Post-Discharge Follow-up Quality -> Early Detection Rate -> 30-Day Readmission Rate"",13,""+"""
"Health Expenditure (GDP-Percent),""30-Day Readmission Rate"",""Health Expenditure (GDP-Percent) -> Hospital Budget Allocation -> Hospital Capacity strain -> Hospital Admissions -> Hospital Budget Pressure -> Pressure for Cost Containment -> Discharge Planning Quality -> Average LOS -> Pressure for Early Discharge -> Post Discharge Care Needs -> Municipal Care Burden/Workload -> Care Gaps -> Post-Discharge Follow-up Quality -> Early Detection Rate -> 30-Day Readmission Rate"",14,""-"""
"Health Expenditure (GDP-Percent),""30-Day Readmission Rate"",""Health Expenditure (GDP-Percent) -> Hospital Budget Allocation -> Hospital Capacity strain -> Hospital Admissions -> Hospital Budget Pressure -> Pressure for Cost Containment -> Discharge Planning Quality -> Average LOS -> Pressure for Early Discharge -> Clinical Stability -> Premature Discharge Risk -> 30-Day Readmission Rate"",11,""-"""
"Health Expenditure (GDP-Percent),""30-Day Readmission Rate"",""Health Expenditure (GDP-Percent) -> Hospital Budget Allocation -> Hospital Capacity strain -> Hospital Admissions -> Hospital Budget Pressure -> Pressure for Cost Containment -> Discharge Planning Quality -> Premature Discharge Risk -> 30-Day Readmission Rate"",8,""+"""
"Health Expenditure (GDP-Percent),""30-Day Readmission Rate"",""Health Expenditure (GDP-Percent) -> Hospital Budget Allocation -> Hospital Capacity strain -> Hospital Admissions -> Hospital Budget Pressure -> Pressure for Cost Containment -> Discharge Planning Quality -> Continuity of Care -> Medication Reconciliation Accuracy -> 30-Day Readmission Rate"",9,""+"""
"Health Expenditure (GDP-Percent),""30-Day Readmission Rate"",""Health Expenditure (GDP-Percent) -> Hospital Budget Allocation -> Hospital Capacity strain -> Hospital Admissions -> Hospital Budget Pressure -> Pressure for Cost Containment -> Discharge Planning Quality -> Continuity of Care -> Post-Discharge Follow-up Quality -> Early Detection Rate -> 30-Day Readmission Rate"",10,""+"""
"Health Expenditure (GDP-Percent),""30-Day Readmission Rate"",""Health Expenditure (GDP-Percent) -> Hospital Budget Allocation -> Hospital Capacity strain -> Pressure for Early Discharge -> Post Discharge Care Needs -> Municipal Care Burden/Workload -> Care Gaps -> Post-Discharge Follow-up Quality -> Early Detection Rate -> 30-Day Readmission Rate"",9,""-"""
"Health Expenditure (GDP-Percent),""30-Day Readmission Rate"",""Health Expenditure (GDP-Percent) -> Hospital Budget Allocation -> Hospital Capacity strain -> Pressure for Early Discharge -> Clinical Stability -> Premature Discharge Risk -> 30-Day Readmission Rate"",6,""-"""
"Health Expenditure (GDP-Percent),""30-Day Readmission Rate"",""Health Expenditure (GDP-Percent) -> Hospital Budget Allocation -> Hospital Budget Pressure -> Hospital Efficiency Mandates -> Average LOS -> Hospital Operating Costs -> Pressure for Cost Containment -> Staffing Levels -> Workload -> Medical Error Rate (Care Quality) -> Discharge Planning Quality -> Premature Discharge Risk -> 30-Day Readmission Rate"",12,""+"""
"Health Expenditure (GDP-Percent),""30-Day Readmission Rate"",""Health Expenditure (GDP-Percent) -> Hospital Budget Allocation -> Hospital Budget Pressure -> Hospital Efficiency Mandates -> Average LOS -> Hospital Operating Costs -> Pressure for Cost Containment -> Staffing Levels -> Workload -> Medical Error Rate (Care Quality) -> Discharge Planning Quality -> Continuity of Care -> Medication Reconciliation Accuracy -> 30-Day Readmission Rate"",13,""+"""
"Health Expenditure (GDP-Percent),""30-Day Readmission Rate"",""Health Expenditure (GDP-Percent) -> Hospital Budget Allocation -> Hospital Budget Pressure -> Hospital Efficiency Mandates -> Average LOS -> Hospital Operating Costs -> Pressure for Cost Containment -> Staffing Levels -> Workload -> Medical Error Rate (Care Quality) -> Discharge Planning Quality -> Continuity of Care -> Post-Discharge Follow-up Quality -> Early Detection Rate -> 30-Day Readmission Rate"",14,""+"""
"Health Expenditure (GDP-Percent),""30-Day Readmission Rate"",""Health Expenditure (GDP-Percent) -> Hospital Budget Allocation -> Hospital Budget Pressure -> Hospital Efficiency Mandates -> Average LOS -> Hospital Operating Costs -> Pressure for Cost Containment -> Discharge Planning Quality -> Premature Discharge Risk -> 30-Day Readmission Rate"",9,""+"""
"Health Expenditure (GDP-Percent),""30-Day Readmission Rate"",""Health Expenditure (GDP-Percent) -> Hospital Budget Allocation -> Hospital Budget Pressure -> Hospital Efficiency Mandates -> Average LOS -> Hospital Operating Costs -> Pressure for Cost Containment -> Discharge Planning Quality -> Continuity of Care -> Medication Reconciliation Accuracy -> 30-Day Readmission Rate"",10,""+"""
"Health Expenditure (GDP-Percent),""30-Day Readmission Rate"",""Health Expenditure (GDP-Percent) -> Hospital Budget Allocation -> Hospital Budget Pressure -> Hospital Efficiency Mandates -> Average LOS -> Hospital Operating Costs -> Pressure for Cost Containment -> Discharge Planning Quality -> Continuity of Care -> Post-Discharge Follow-up Quality -> Early Detection Rate -> 30-Day Readmission Rate"",11,""+"""
"Health Expenditure (GDP-Percent),""30-Day Readmission Rate"",""Health Expenditure (GDP-Percent) -> Hospital Budget Allocation -> Hospital Budget Pressure -> Hospital Efficiency Mandates -> Average LOS -> Discharge Planning Quality -> Premature Discharge Risk -> 30-Day Readmission Rate"",7,""-"""
"Health Expenditure (GDP-Percent),""30-Day Readmission Rate"",""Health Expenditure (GDP-Percent) -> Hospital Budget Allocation -> Hospital Budget Pressure -> Hospital Efficiency Mandates -> Average LOS -> Discharge Planning Quality -> Continuity of Care -> Medication Reconciliation Accuracy -> 30-Day Readmission Rate"",8,""-"""
"Health Expenditure (GDP-Percent),""30-Day Readmission Rate"",""Health Expenditure (GDP-Percent) -> Hospital Budget Allocation -> Hospital Budget Pressure -> Hospital Efficiency Mandates -> Average LOS -> Discharge Planning Quality -> Continuity of Care -> Post-Discharge Follow-up Quality -> Early Detection Rate -> 30-Day Readmission Rate"",9,""-"""
"Health Expenditure (GDP-Percent),""30-Day Readmission Rate"",""Health Expenditure (GDP-Percent) -> Hospital Budget Allocation -> Hospital Budget Pressure -> Hospital Efficiency Mandates -> Average LOS -> Pressure for Early Discharge -> Post Discharge Care Needs -> Municipal Care Burden/Workload -> Care Gaps -> Post-Discharge Follow-up Quality -> Early Detection Rate -> 30-Day Readmission Rate"",11,""-"""
"Health Expenditure (GDP-Percent),""30-Day Readmission Rate"",""Health Expenditure (GDP-Percent) -> Hospital Budget Allocation -> Hospital Budget Pressure -> Hospital Efficiency Mandates -> Average LOS -> Pressure for Early Discharge -> Clinical Stability -> Premature Discharge Risk -> 30-Day Readmission Rate"",8,""-"""
"Health Expenditure (GDP-Percent),""30-Day Readmission Rate"",""Health Expenditure (GDP-Percent) -> Hospital Budget Allocation -> Hospital Budget Pressure -> Pressure for Cost Containment -> Average LOS -> Discharge Planning Quality -> Premature Discharge Risk -> 30-Day Readmission Rate"",7,""-"""
"Health Expenditure (GDP-Percent),""30-Day Readmission Rate"",""Health Expenditure (GDP-Percent) -> Hospital Budget Allocation -> Hospital Budget Pressure -> Pressure for Cost Containment -> Average LOS -> Discharge Planning Quality -> Continuity of Care -> Medication Reconciliation Accuracy -> 30-Day Readmission Rate"",8,""-"""
"Health Expenditure (GDP-Percent),""30-Day Readmission Rate"",""Health Expenditure (GDP-Percent) -> Hospital Budget Allocation -> Hospital Budget Pressure -> Pressure for Cost Containment -> Average LOS -> Discharge Planning Quality -> Continuity of Care -> Post-Discharge Follow-up Quality -> Early Detection Rate -> 30-Day Readmission Rate"",9,""-"""
"Health Expenditure (GDP-Percent),""30-Day Readmission Rate"",""Health Expenditure (GDP-Percent) -> Hospital Budget Allocation -> Hospital Budget Pressure -> Pressure for Cost Containment -> Average LOS -> Pressure for Early Discharge -> Post Discharge Care Needs -> Municipal Care Burden/Workload -> Care Gaps -> Post-Discharge Follow-up Quality -> Early Detection Rate -> 30-Day Readmission Rate"",11,""-"""
"Health Expenditure (GDP-Percent),""30-Day Readmission Rate"",""Health Expenditure (GDP-Percent) -> Hospital Budget Allocation -> Hospital Budget Pressure -> Pressure for Cost Containment -> Average LOS -> Pressure for Early Discharge -> Clinical Stability -> Premature Discharge Risk -> 30-Day Readmission Rate"",8,""-"""
"Health Expenditure (GDP-Percent),""30-Day Readmission Rate"",""Health Expenditure (GDP-Percent) -> Hospital Budget Allocation -> Hospital Budget Pressure -> Pressure for Cost Containment -> Staffing Levels -> Workload -> Medical Error Rate (Care Quality) -> Discharge Planning Quality -> Average LOS -> Pressure for Early Discharge -> Post Discharge Care Needs -> Municipal Care Burden/Workload -> Care Gaps -> Post-Discharge Follow-up Quality -> Early Detection Rate -> 30-Day Readmission Rate"",15,""+"""
"Health Expenditure (GDP-Percent),""30-Day Readmission Rate"",""Health Expenditure (GDP-Percent) -> Hospital Budget Allocation -> Hospital Budget Pressure -> Pressure for Cost Containment -> Staffing Levels -> Workload -> Medical Error Rate (Care Quality) -> Discharge Planning Quality -> Average LOS -> Pressure for Early Discharge -> Clinical Stability -> Premature Discharge Risk -> 30-Day Readmission Rate"",12,""+"""
"Health Expenditure (GDP-Percent),""30-Day Readmission Rate"",""Health Expenditure (GDP-Percent) -> Hospital Budget Allocation -> Hospital Budget Pressure -> Pressure for Cost Containment -> Staffing Levels -> Workload -> Medical Error Rate (Care Quality) -> Discharge Planning Quality -> Premature Discharge Risk -> 30-Day Readmission Rate"",9,""-"""
"Health Expenditure (GDP-Percent),""30-Day Readmission Rate"",""Health Expenditure (GDP-Percent) -> Hospital Budget Allocation -> Hospital Budget Pressure -> Pressure for Cost Containment -> Staffing Levels -> Workload -> Medical Error Rate (Care Quality) -> Discharge Planning Quality -> Continuity of Care -> Medication Reconciliation Accuracy -> 30-Day Readmission Rate"",10,""-"""
"Health Expenditure (GDP-Percent),""30-Day Readmission Rate"",""Health Expenditure (GDP-Percent) -> Hospital Budget Allocation -> Hospital Budget Pressure -> Pressure for Cost Containment -> Staffing Levels -> Workload -> Medical Error Rate (Care Quality) -> Discharge Planning Quality -> Continuity of Care -> Post-Discharge Follow-up Quality -> Early Detection Rate -> 30-Day Readmission Rate"",11,""-"""
"Health Expenditure (GDP-Percent),""30-Day Readmission Rate"",""Health Expenditure (GDP-Percent) -> Hospital Budget Allocation -> Hospital Budget Pressure -> Pressure for Cost Containment -> Discharge Planning Quality -> Average LOS -> Pressure for Early Discharge -> Post Discharge Care Needs -> Municipal Care Burden/Workload -> Care Gaps -> Post-Discharge Follow-up Quality -> Early Detection Rate -> 30-Day Readmission Rate"",12,""+"""
"Health Expenditure (GDP-Percent),""30-Day Readmission Rate"",""Health Expenditure (GDP-Percent) -> Hospital Budget Allocation -> Hospital Budget Pressure -> Pressure for Cost Containment -> Discharge Planning Quality -> Average LOS -> Pressure for Early Discharge -> Clinical Stability -> Premature Discharge Risk -> 30-Day Readmission Rate"",9,""+"""
"Health Expenditure (GDP-Percent),""30-Day Readmission Rate"",""Health Expenditure (GDP-Percent) -> Hospital Budget Allocation -> Hospital Budget Pressure -> Pressure for Cost Containment -> Discharge Planning Quality -> Premature Discharge Risk -> 30-Day Readmission Rate"",6,""-"""
"Health Expenditure (GDP-Percent),""30-Day Readmission Rate"",""Health Expenditure (GDP-Percent) -> Hospital Budget Allocation -> Hospital Budget Pressure -> Pressure for Cost Containment -> Discharge Planning Quality -> Continuity of Care -> Medication Reconciliation Accuracy -> 30-Day Readmission Rate"",7,""-"""
"Health Expenditure (GDP-Percent),""30-Day Readmission Rate"",""Health Expenditure (GDP-Percent) -> Hospital Budget Allocation -> Hospital Budget Pressure -> Pressure for Cost Containment -> Discharge Planning Quality -> Continuity of Care -> Post-Discharge Follow-up Quality -> Early Detection Rate -> 30-Day Readmission Rate"",8,""-"""
"Hospital Admissions,""30-Day Readmission Rate"",""Hospital Admissions -> Hospital Operating Costs -> Hospital Efficiency Mandates -> Average LOS -> Discharge Planning Quality -> Premature Discharge Risk -> 30-Day Readmission Rate"",6,""+"""
"Hospital Admissions,""30-Day Readmission Rate"",""Hospital Admissions -> Hospital Operating Costs -> Hospital Efficiency Mandates -> Average LOS -> Discharge Planning Quality -> Continuity of Care -> Medication Reconciliation Accuracy -> 30-Day Readmission Rate"",7,""+"""
"Hospital Admissions,""30-Day Readmission Rate"",""Hospital Admissions -> Hospital Operating Costs -> Hospital Efficiency Mandates -> Average LOS -> Discharge Planning Quality -> Continuity of Care -> Post-Discharge Follow-up Quality -> Early Detection Rate -> 30-Day Readmission Rate"",8,""+"""
"Hospital Admissions,""30-Day Readmission Rate"",""Hospital Admissions -> Hospital Operating Costs -> Hospital Efficiency Mandates -> Average LOS -> Pressure for Early Discharge -> Post Discharge Care Needs -> Municipal Care Burden/Workload -> Care Gaps -> Post-Discharge Follow-up Quality -> Early Detection Rate -> 30-Day Readmission Rate"",10,""+"""
"Hospital Admissions,""30-Day Readmission Rate"",""Hospital Admissions -> Hospital Operating Costs -> Hospital Efficiency Mandates -> Average LOS -> Pressure for Early Discharge -> Clinical Stability -> Premature Discharge Risk -> 30-Day Readmission Rate"",7,""+"""
"Hospital Admissions,""30-Day Readmission Rate"",""Hospital Admissions -> Hospital Operating Costs -> Pressure for Cost Containment -> Average LOS -> Discharge Planning Quality -> Premature Discharge Risk -> 30-Day Readmission Rate"",6,""+"""
"Hospital Admissions,""30-Day Readmission Rate"",""Hospital Admissions -> Hospital Operating Costs -> Pressure for Cost Containment -> Average LOS -> Discharge Planning Quality -> Continuity of Care -> Medication Reconciliation Accuracy -> 30-Day Readmission Rate"",7,""+"""
"Hospital Admissions,""30-Day Readmission Rate"",""Hospital Admissions -> Hospital Operating Costs -> Pressure for Cost Containment -> Average LOS -> Discharge Planning Quality -> Continuity of Care -> Post-Discharge Follow-up Quality -> Early Detection Rate -> 30-Day Readmission Rate"",8,""+"""
"Hospital Admissions,""30-Day Readmission Rate"",""Hospital Admissions -> Hospital Operating Costs -> Pressure for Cost Containment -> Average LOS -> Pressure for Early Discharge -> Post Discharge Care Needs -> Municipal Care Burden/Workload -> Care Gaps -> Post-Discharge Follow-up Quality -> Early Detection Rate -> 30-Day Readmission Rate"",10,""+"""
"Hospital Admissions,""30-Day Readmission Rate"",""Hospital Admissions -> Hospital Operating Costs -> Pressure for Cost Containment -> Average LOS -> Pressure for Early Discharge -> Clinical Stability -> Premature Discharge Risk -> 30-Day Readmission Rate"",7,""+"""
"Hospital Admissions,""30-Day Readmission Rate"",""Hospital Admissions -> Hospital Operating Costs -> Pressure for Cost Containment -> Staffing Levels -> Workload -> Medical Error Rate (Care Quality) -> Discharge Planning Quality -> Average LOS -> Pressure for Early Discharge -> Post Discharge Care Needs -> Municipal Care Burden/Workload -> Care Gaps -> Post-Discharge Follow-up Quality -> Early Detection Rate -> 30-Day Readmission Rate"",14,""-"""
"Hospital Admissions,""30-Day Readmission Rate"",""Hospital Admissions -> Hospital Operating Costs -> Pressure for Cost Containment -> Staffing Levels -> Workload -> Medical Error Rate (Care Quality) -> Discharge Planning Quality -> Average LOS -> Pressure for Early Discharge -> Clinical Stability -> Premature Discharge Risk -> 30-Day Readmission Rate"",11,""-"""
"Hospital Admissions,""30-Day Readmission Rate"",""Hospital Admissions -> Hospital Operating Costs -> Pressure for Cost Containment -> Staffing Levels -> Workload -> Medical Error Rate (Care Quality) -> Discharge Planning Quality -> Premature Discharge Risk -> 30-Day Readmission Rate"",8,""+"""
"Hospital Admissions,""30-Day Readmission Rate"",""Hospital Admissions -> Hospital Operating Costs -> Pressure for Cost Containment -> Staffing Levels -> Workload -> Medical Error Rate (Care Quality) -> Discharge Planning Quality -> Continuity of Care -> Medication Reconciliation Accuracy -> 30-Day Readmission Rate"",9,""+"""
"Hospital Admissions,""30-Day Readmission Rate"",""Hospital Admissions -> Hospital Operating Costs -> Pressure for Cost Containment -> Staffing Levels -> Workload -> Medical Error Rate (Care Quality) -> Discharge Planning Quality -> Continuity of Care -> Post-Discharge Follow-up Quality -> Early Detection Rate -> 30-Day Readmission Rate"",10,""+"""
"Hospital Admissions,""30-Day Readmission Rate"",""Hospital Admissions -> Hospital Operating Costs -> Pressure for Cost Containment -> Discharge Planning Quality -> Average LOS -> Pressure for Early Discharge -> Post Discharge Care Needs -> Municipal Care Burden/Workload -> Care Gaps -> Post-Discharge Follow-up Quality -> Early Detection Rate -> 30-Day Readmission Rate"",11,""-"""
"Hospital Admissions,""30-Day Readmission Rate"",""Hospital Admissions -> Hospital Operating Costs -> Pressure for Cost Containment -> Discharge Planning Quality -> Average LOS -> Pressure for Early Discharge -> Clinical Stability -> Premature Discharge Risk -> 30-Day Readmission Rate"",8,""-"""
"Hospital Admissions,""30-Day Readmission Rate"",""Hospital Admissions -> Hospital Operating Costs -> Pressure for Cost Containment -> Discharge Planning Quality -> Premature Discharge Risk -> 30-Day Readmission Rate"",5,""+"""
"Hospital Admissions,""30-Day Readmission Rate"",""Hospital Admissions -> Hospital Operating Costs -> Pressure for Cost Containment -> Discharge Planning Quality -> Continuity of Care -> Medication Reconciliation Accuracy -> 30-Day Readmission Rate"",6,""+"""
"Hospital Admissions,""30-Day Readmission Rate"",""Hospital Admissions -> Hospital Operating Costs -> Pressure for Cost Containment -> Discharge Planning Quality -> Continuity of Care -> Post-Discharge Follow-up Quality -> Early Detection Rate -> 30-Day Readmission Rate"",7,""+"""
"Hospital Admissions,""30-Day Readmission Rate"",""Hospital Admissions -> Hospital Operating Costs -> Hospital Budget Pressure -> Hospital Efficiency Mandates -> Average LOS -> Discharge Planning Quality -> Premature Discharge Risk -> 30-Day Readmission Rate"",7,""+"""
"Hospital Admissions,""30-Day Readmission Rate"",""Hospital Admissions -> Hospital Operating Costs -> Hospital Budget Pressure -> Hospital Efficiency Mandates -> Average LOS -> Discharge Planning Quality -> Continuity of Care -> Medication Reconciliation Accuracy -> 30-Day Readmission Rate"",8,""+"""
"Hospital Admissions,""30-Day Readmission Rate"",""Hospital Admissions -> Hospital Operating Costs -> Hospital Budget Pressure -> Hospital Efficiency Mandates -> Average LOS -> Discharge Planning Quality -> Continuity of Care -> Post-Discharge Follow-up Quality -> Early Detection Rate -> 30-Day Readmission Rate"",9,""+"""
"Hospital Admissions,""30-Day Readmission Rate"",""Hospital Admissions -> Hospital Operating Costs -> Hospital Budget Pressure -> Hospital Efficiency Mandates -> Average LOS -> Pressure for Early Discharge -> Post Discharge Care Needs -> Municipal Care Burden/Workload -> Care Gaps -> Post-Discharge Follow-up Quality -> Early Detection Rate -> 30-Day Readmission Rate"",11,""+"""
"Hospital Admissions,""30-Day Readmission Rate"",""Hospital Admissions -> Hospital Operating Costs -> Hospital Budget Pressure -> Hospital Efficiency Mandates -> Average LOS -> Pressure for Early Discharge -> Clinical Stability -> Premature Discharge Risk -> 30-Day Readmission Rate"",8,""+"""
"Hospital Admissions,""30-Day Readmission Rate"",""Hospital Admissions -> Hospital Operating Costs -> Hospital Budget Pressure -> Pressure for Cost Containment -> Average LOS -> Discharge Planning Quality -> Premature Discharge Risk -> 30-Day Readmission Rate"",7,""+"""
"Hospital Admissions,""30-Day Readmission Rate"",""Hospital Admissions -> Hospital Operating Costs -> Hospital Budget Pressure -> Pressure for Cost Containment -> Average LOS -> Discharge Planning Quality -> Continuity of Care -> Medication Reconciliation Accuracy -> 30-Day Readmission Rate"",8,""+"""
"Hospital Admissions,""30-Day Readmission Rate"",""Hospital Admissions -> Hospital Operating Costs -> Hospital Budget Pressure -> Pressure for Cost Containment -> Average LOS -> Discharge Planning Quality -> Continuity of Care -> Post-Discharge Follow-up Quality -> Early Detection Rate -> 30-Day Readmission Rate"",9,""+"""
"Hospital Admissions,""30-Day Readmission Rate"",""Hospital Admissions -> Hospital Operating Costs -> Hospital Budget Pressure -> Pressure for Cost Containment -> Average LOS -> Pressure for Early Discharge -> Post Discharge Care Needs -> Municipal Care Burden/Workload -> Care Gaps -> Post-Discharge Follow-up Quality -> Early Detection Rate -> 30-Day Readmission Rate"",11,""+"""
"Hospital Admissions,""30-Day Readmission Rate"",""Hospital Admissions -> Hospital Operating Costs -> Hospital Budget Pressure -> Pressure for Cost Containment -> Average LOS -> Pressure for Early Discharge -> Clinical Stability -> Premature Discharge Risk -> 30-Day Readmission Rate"",8,""+"""
"Hospital Admissions,""30-Day Readmission Rate"",""Hospital Admissions -> Hospital Operating Costs -> Hospital Budget Pressure -> Pressure for Cost Containment -> Staffing Levels -> Workload -> Medical Error Rate (Care Quality) -> Discharge Planning Quality -> Average LOS -> Pressure for Early Discharge -> Post Discharge Care Needs -> Municipal Care Burden/Workload -> Care Gaps -> Post-Discharge Follow-up Quality -> Early Detection Rate -> 30-Day Readmission Rate"",15,""-"""
"Hospital Admissions,""30-Day Readmission Rate"",""Hospital Admissions -> Hospital Operating Costs -> Hospital Budget Pressure -> Pressure for Cost Containment -> Staffing Levels -> Workload -> Medical Error Rate (Care Quality) -> Discharge Planning Quality -> Average LOS -> Pressure for Early Discharge -> Clinical Stability -> Premature Discharge Risk -> 30-Day Readmission Rate"",12,""-"""
"Hospital Admissions,""30-Day Readmission Rate"",""Hospital Admissions -> Hospital Operating Costs -> Hospital Budget Pressure -> Pressure for Cost Containment -> Staffing Levels -> Workload -> Medical Error Rate (Care Quality) -> Discharge Planning Quality -> Premature Discharge Risk -> 30-Day Readmission Rate"",9,""+"""
"Hospital Admissions,""30-Day Readmission Rate"",""Hospital Admissions -> Hospital Operating Costs -> Hospital Budget Pressure -> Pressure for Cost Containment -> Staffing Levels -> Workload -> Medical Error Rate (Care Quality) -> Discharge Planning Quality -> Continuity of Care -> Medication Reconciliation Accuracy -> 30-Day Readmission Rate"",10,""+"""
"Hospital Admissions,""30-Day Readmission Rate"",""Hospital Admissions -> Hospital Operating Costs -> Hospital Budget Pressure -> Pressure for Cost Containment -> Staffing Levels -> Workload -> Medical Error Rate (Care Quality) -> Discharge Planning Quality -> Continuity of Care -> Post-Discharge Follow-up Quality -> Early Detection Rate -> 30-Day Readmission Rate"",11,""+"""
"Hospital Admissions,""30-Day Readmission Rate"",""Hospital Admissions -> Hospital Operating Costs -> Hospital Budget Pressure -> Pressure for Cost Containment -> Discharge Planning Quality -> Average LOS -> Pressure for Early Discharge -> Post Discharge Care Needs -> Municipal Care Burden/Workload -> Care Gaps -> Post-Discharge Follow-up Quality -> Early Detection Rate -> 30-Day Readmission Rate"",12,""-"""
"Hospital Admissions,""30-Day Readmission Rate"",""Hospital Admissions -> Hospital Operating Costs -> Hospital Budget Pressure -> Pressure for Cost Containment -> Discharge Planning Quality -> Average LOS -> Pressure for Early Discharge -> Clinical Stability -> Premature Discharge Risk -> 30-Day Readmission Rate"",9,""-"""
"Hospital Admissions,""30-Day Readmission Rate"",""Hospital Admissions -> Hospital Operating Costs -> Hospital Budget Pressure -> Pressure for Cost Containment -> Discharge Planning Quality -> Premature Discharge Risk -> 30-Day Readmission Rate"",6,""+"""
"Hospital Admissions,""30-Day Readmission Rate"",""Hospital Admissions -> Hospital Operating Costs -> Hospital Budget Pressure -> Pressure for Cost Containment -> Discharge Planning Quality -> Continuity of Care -> Medication Reconciliation Accuracy -> 30-Day Readmission Rate"",7,""+"""
"Hospital Admissions,""30-Day Readmission Rate"",""Hospital Admissions -> Hospital Operating Costs -> Hospital Budget Pressure -> Pressure for Cost Containment -> Discharge Planning Quality -> Continuity of Care -> Post-Discharge Follow-up Quality -> Early Detection Rate -> 30-Day Readmission Rate"",8,""+"""
"Hospital Admissions,""30-Day Readmission Rate"",""Hospital Admissions -> Workload -> Medical Error Rate (Care Quality) -> Discharge Planning Quality -> Average LOS -> Pressure for Early Discharge -> Post Discharge Care Needs -> Municipal Care Burden/Workload -> Care Gaps -> Post-Discharge Follow-up Quality -> Early Detection Rate -> 30-Day Readmission Rate"",11,""-"""
"Hospital Admissions,""30-Day Readmission Rate"",""Hospital Admissions -> Workload -> Medical Error Rate (Care Quality) -> Discharge Planning Quality -> Average LOS -> Pressure for Early Discharge -> Clinical Stability -> Premature Discharge Risk -> 30-Day Readmission Rate"",8,""-"""
"Hospital Admissions,""30-Day Readmission Rate"",""Hospital Admissions -> Workload -> Medical Error Rate (Care Quality) -> Discharge Planning Quality -> Premature Discharge Risk -> 30-Day Readmission Rate"",5,""+"""
"Hospital Admissions,""30-Day Readmission Rate"",""Hospital Admissions -> Workload -> Medical Error Rate (Care Quality) -> Discharge Planning Quality -> Continuity of Care -> Medication Reconciliation Accuracy -> 30-Day Readmission Rate"",6,""+"""
"Hospital Admissions,""30-Day Readmission Rate"",""Hospital Admissions -> Workload -> Medical Error Rate (Care Quality) -> Discharge Planning Quality -> Continuity of Care -> Post-Discharge Follow-up Quality -> Early Detection Rate -> 30-Day Readmission Rate"",7,""+"""
"Hospital Admissions,""30-Day Readmission Rate"",""Hospital Admissions -> Patients Satisfaction -> Policy Support for Quality -> Funding for Quality Improvement -> Discharge Planning Quality -> Average LOS -> Pressure for Early Discharge -> Post Discharge Care Needs -> Municipal Care Burden/Workload -> Care Gaps -> Post-Discharge Follow-up Quality -> Early Detection Rate -> 30-Day Readmission Rate"",12,""+"""
"Hospital Admissions,""30-Day Readmission Rate"",""Hospital Admissions -> Patients Satisfaction -> Policy Support for Quality -> Funding for Quality Improvement -> Discharge Planning Quality -> Average LOS -> Pressure for Early Discharge -> Clinical Stability -> Premature Discharge Risk -> 30-Day Readmission Rate"",9,""+"""
"Hospital Admissions,""30-Day Readmission Rate"",""Hospital Admissions -> Patients Satisfaction -> Policy Support for Quality -> Funding for Quality Improvement -> Discharge Planning Quality -> Premature Discharge Risk -> 30-Day Readmission Rate"",6,""-"""
"Hospital Admissions,""30-Day Readmission Rate"",""Hospital Admissions -> Patients Satisfaction -> Policy Support for Quality -> Funding for Quality Improvement -> Discharge Planning Quality -> Continuity of Care -> Medication Reconciliation Accuracy -> 30-Day Readmission Rate"",7,""-"""
"Hospital Admissions,""30-Day Readmission Rate"",""Hospital Admissions -> Patients Satisfaction -> Policy Support for Quality -> Funding for Quality Improvement -> Discharge Planning Quality -> Continuity of Care -> Post-Discharge Follow-up Quality -> Early Detection Rate -> 30-Day Readmission Rate"",8,""-"""
"Hospital Admissions,""30-Day Readmission Rate"",""Hospital Admissions -> Hospital Budget Pressure -> Hospital Efficiency Mandates -> Average LOS -> Hospital Operating Costs -> Pressure for Cost Containment -> Staffing Levels -> Workload -> Medical Error Rate (Care Quality) -> Discharge Planning Quality -> Premature Discharge Risk -> 30-Day Readmission Rate"",11,""-"""
"Hospital Admissions,""30-Day Readmission Rate"",""Hospital Admissions -> Hospital Budget Pressure -> Hospital Efficiency Mandates -> Average LOS -> Hospital Operating Costs -> Pressure for Cost Containment -> Staffing Levels -> Workload -> Medical Error Rate (Care Quality) -> Discharge Planning Quality -> Continuity of Care -> Medication Reconciliation Accuracy -> 30-Day Readmission Rate"",12,""-"""
"Hospital Admissions,""30-Day Readmission Rate"",""Hospital Admissions -> Hospital Budget Pressure -> Hospital Efficiency Mandates -> Average LOS -> Hospital Operating Costs -> Pressure for Cost Containment -> Staffing Levels -> Workload -> Medical Error Rate (Care Quality) -> Discharge Planning Quality -> Continuity of Care -> Post-Discharge Follow-up Quality -> Early Detection Rate -> 30-Day Readmission Rate"",13,""-"""
"Hospital Admissions,""30-Day Readmission Rate"",""Hospital Admissions -> Hospital Budget Pressure -> Hospital Efficiency Mandates -> Average LOS -> Hospital Operating Costs -> Pressure for Cost Containment -> Discharge Planning Quality -> Premature Discharge Risk -> 30-Day Readmission Rate"",8,""-"""
"Hospital Admissions,""30-Day Readmission Rate"",""Hospital Admissions -> Hospital Budget Pressure -> Hospital Efficiency Mandates -> Average LOS -> Hospital Operating Costs -> Pressure for Cost Containment -> Discharge Planning Quality -> Continuity of Care -> Medication Reconciliation Accuracy -> 30-Day Readmission Rate"",9,""-"""
"Hospital Admissions,""30-Day Readmission Rate"",""Hospital Admissions -> Hospital Budget Pressure -> Hospital Efficiency Mandates -> Average LOS -> Hospital Operating Costs -> Pressure for Cost Containment -> Discharge Planning Quality -> Continuity of Care -> Post-Discharge Follow-up Quality -> Early Detection Rate -> 30-Day Readmission Rate"",10,""-"""
"Hospital Admissions,""30-Day Readmission Rate"",""Hospital Admissions -> Hospital Budget Pressure -> Hospital Efficiency Mandates -> Average LOS -> Discharge Planning Quality -> Premature Discharge Risk -> 30-Day Readmission Rate"",6,""+"""
"Hospital Admissions,""30-Day Readmission Rate"",""Hospital Admissions -> Hospital Budget Pressure -> Hospital Efficiency Mandates -> Average LOS -> Discharge Planning Quality -> Continuity of Care -> Medication Reconciliation Accuracy -> 30-Day Readmission Rate"",7,""+"""
"Hospital Admissions,""30-Day Readmission Rate"",""Hospital Admissions -> Hospital Budget Pressure -> Hospital Efficiency Mandates -> Average LOS -> Discharge Planning Quality -> Continuity of Care -> Post-Discharge Follow-up Quality -> Early Detection Rate -> 30-Day Readmission Rate"",8,""+"""
"Hospital Admissions,""30-Day Readmission Rate"",""Hospital Admissions -> Hospital Budget Pressure -> Hospital Efficiency Mandates -> Average LOS -> Pressure for Early Discharge -> Post Discharge Care Needs -> Municipal Care Burden/Workload -> Care Gaps -> Post-Discharge Follow-up Quality -> Early Detection Rate -> 30-Day Readmission Rate"",10,""+"""
"Hospital Admissions,""30-Day Readmission Rate"",""Hospital Admissions -> Hospital Budget Pressure -> Hospital Efficiency Mandates -> Average LOS -> Pressure for Early Discharge -> Clinical Stability -> Premature Discharge Risk -> 30-Day Readmission Rate"",7,""+"""
"Hospital Admissions,""30-Day Readmission Rate"",""Hospital Admissions -> Hospital Budget Pressure -> Pressure for Cost Containment -> Average LOS -> Discharge Planning Quality -> Premature Discharge Risk -> 30-Day Readmission Rate"",6,""+"""
"Hospital Admissions,""30-Day Readmission Rate"",""Hospital Admissions -> Hospital Budget Pressure -> Pressure for Cost Containment -> Average LOS -> Discharge Planning Quality -> Continuity of Care -> Medication Reconciliation Accuracy -> 30-Day Readmission Rate"",7,""+"""
"Hospital Admissions,""30-Day Readmission Rate"",""Hospital Admissions -> Hospital Budget Pressure -> Pressure for Cost Containment -> Average LOS -> Discharge Planning Quality -> Continuity of Care -> Post-Discharge Follow-up Quality -> Early Detection Rate -> 30-Day Readmission Rate"",8,""+"""
"Hospital Admissions,""30-Day Readmission Rate"",""Hospital Admissions -> Hospital Budget Pressure -> Pressure for Cost Containment -> Average LOS -> Pressure for Early Discharge -> Post Discharge Care Needs -> Municipal Care Burden/Workload -> Care Gaps -> Post-Discharge Follow-up Quality -> Early Detection Rate -> 30-Day Readmission Rate"",10,""+"""
"Hospital Admissions,""30-Day Readmission Rate"",""Hospital Admissions -> Hospital Budget Pressure -> Pressure for Cost Containment -> Average LOS -> Pressure for Early Discharge -> Clinical Stability -> Premature Discharge Risk -> 30-Day Readmission Rate"",7,""+"""
"Hospital Admissions,""30-Day Readmission Rate"",""Hospital Admissions -> Hospital Budget Pressure -> Pressure for Cost Containment -> Staffing Levels -> Workload -> Medical Error Rate (Care Quality) -> Discharge Planning Quality -> Average LOS -> Pressure for Early Discharge -> Post Discharge Care Needs -> Municipal Care Burden/Workload -> Care Gaps -> Post-Discharge Follow-up Quality -> Early Detection Rate -> 30-Day Readmission Rate"",14,""-"""
"Hospital Admissions,""30-Day Readmission Rate"",""Hospital Admissions -> Hospital Budget Pressure -> Pressure for Cost Containment -> Staffing Levels -> Workload -> Medical Error Rate (Care Quality) -> Discharge Planning Quality -> Average LOS -> Pressure for Early Discharge -> Clinical Stability -> Premature Discharge Risk -> 30-Day Readmission Rate"",11,""-"""
"Hospital Admissions,""30-Day Readmission Rate"",""Hospital Admissions -> Hospital Budget Pressure -> Pressure for Cost Containment -> Staffing Levels -> Workload -> Medical Error Rate (Care Quality) -> Discharge Planning Quality -> Premature Discharge Risk -> 30-Day Readmission Rate"",8,""+"""
"Hospital Admissions,""30-Day Readmission Rate"",""Hospital Admissions -> Hospital Budget Pressure -> Pressure for Cost Containment -> Staffing Levels -> Workload -> Medical Error Rate (Care Quality) -> Discharge Planning Quality -> Continuity of Care -> Medication Reconciliation Accuracy -> 30-Day Readmission Rate"",9,""+"""
"Hospital Admissions,""30-Day Readmission Rate"",""Hospital Admissions -> Hospital Budget Pressure -> Pressure for Cost Containment -> Staffing Levels -> Workload -> Medical Error Rate (Care Quality) -> Discharge Planning Quality -> Continuity of Care -> Post-Discharge Follow-up Quality -> Early Detection Rate -> 30-Day Readmission Rate"",10,""+"""
"Hospital Admissions,""30-Day Readmission Rate"",""Hospital Admissions -> Hospital Budget Pressure -> Pressure for Cost Containment -> Discharge Planning Quality -> Average LOS -> Pressure for Early Discharge -> Post Discharge Care Needs -> Municipal Care Burden/Workload -> Care Gaps -> Post-Discharge Follow-up Quality -> Early Detection Rate -> 30-Day Readmission Rate"",11,""-"""
"Hospital Admissions,""30-Day Readmission Rate"",""Hospital Admissions -> Hospital Budget Pressure -> Pressure for Cost Containment -> Discharge Planning Quality -> Average LOS -> Pressure for Early Discharge -> Clinical Stability -> Premature Discharge Risk -> 30-Day Readmission Rate"",8,""-"""
"Hospital Admissions,""30-Day Readmission Rate"",""Hospital Admissions -> Hospital Budget Pressure -> Pressure for Cost Containment -> Discharge Planning Quality -> Premature Discharge Risk -> 30-Day Readmission Rate"",5,""+"""
"Hospital Admissions,""30-Day Readmission Rate"",""Hospital Admissions -> Hospital Budget Pressure -> Pressure for Cost Containment -> Discharge Planning Quality -> Continuity of Care -> Medication Reconciliation Accuracy -> 30-Day Readmission Rate"",6,""+"""
"Hospital Admissions,""30-Day Readmission Rate"",""Hospital Admissions -> Hospital Budget Pressure -> Pressure for Cost Containment -> Discharge Planning Quality -> Continuity of Care -> Post-Discharge Follow-up Quality -> Early Detection Rate -> 30-Day Readmission Rate"",7,""+"""
"Hospital Budget Allocation,""30-Day Readmission Rate"",""Hospital Budget Allocation -> Hospital Capacity strain -> Hospital Admissions -> Hospital Operating Costs -> Hospital Efficiency Mandates -> Average LOS -> Discharge Planning Quality -> Premature Discharge Risk -> 30-Day Readmission Rate"",8,""+"""
"Hospital Budget Allocation,""30-Day Readmission Rate"",""Hospital Budget Allocation -> Hospital Capacity strain -> Hospital Admissions -> Hospital Operating Costs -> Hospital Efficiency Mandates -> Average LOS -> Discharge Planning Quality -> Continuity of Care -> Medication Reconciliation Accuracy -> 30-Day Readmission Rate"",9,""+"""
"Hospital Budget Allocation,""30-Day Readmission Rate"",""Hospital Budget Allocation -> Hospital Capacity strain -> Hospital Admissions -> Hospital Operating Costs -> Hospital Efficiency Mandates -> Average LOS -> Discharge Planning Quality -> Continuity of Care -> Post-Discharge Follow-up Quality -> Early Detection Rate -> 30-Day Readmission Rate"",10,""+"""
"Hospital Budget Allocation,""30-Day Readmission Rate"",""Hospital Budget Allocation -> Hospital Capacity strain -> Hospital Admissions -> Hospital Operating Costs -> Hospital Efficiency Mandates -> Average LOS -> Pressure for Early Discharge -> Post Discharge Care Needs -> Municipal Care Burden/Workload -> Care Gaps -> Post-Discharge Follow-up Quality -> Early Detection Rate -> 30-Day Readmission Rate"",12,""+"""
"Hospital Budget Allocation,""30-Day Readmission Rate"",""Hospital Budget Allocation -> Hospital Capacity strain -> Hospital Admissions -> Hospital Operating Costs -> Hospital Efficiency Mandates -> Average LOS -> Pressure for Early Discharge -> Clinical Stability -> Premature Discharge Risk -> 30-Day Readmission Rate"",9,""+"""
"Hospital Budget Allocation,""30-Day Readmission Rate"",""Hospital Budget Allocation -> Hospital Capacity strain -> Hospital Admissions -> Hospital Operating Costs -> Pressure for Cost Containment -> Average LOS -> Discharge Planning Quality -> Premature Discharge Risk -> 30-Day Readmission Rate"",8,""+"""
"Hospital Budget Allocation,""30-Day Readmission Rate"",""Hospital Budget Allocation -> Hospital Capacity strain -> Hospital Admissions -> Hospital Operating Costs -> Pressure for Cost Containment -> Average LOS -> Discharge Planning Quality -> Continuity of Care -> Medication Reconciliation Accuracy -> 30-Day Readmission Rate"",9,""+"""
"Hospital Budget Allocation,""30-Day Readmission Rate"",""Hospital Budget Allocation -> Hospital Capacity strain -> Hospital Admissions -> Hospital Operating Costs -> Pressure for Cost Containment -> Average LOS -> Discharge Planning Quality -> Continuity of Care -> Post-Discharge Follow-up Quality -> Early Detection Rate -> 30-Day Readmission Rate"",10,""+"""
"Hospital Budget Allocation,""30-Day Readmission Rate"",""Hospital Budget Allocation -> Hospital Capacity strain -> Hospital Admissions -> Hospital Operating Costs -> Pressure for Cost Containment -> Average LOS -> Pressure for Early Discharge -> Post Discharge Care Needs -> Municipal Care Burden/Workload -> Care Gaps -> Post-Discharge Follow-up Quality -> Early Detection Rate -> 30-Day Readmission Rate"",12,""+"""
"Hospital Budget Allocation,""30-Day Readmission Rate"",""Hospital Budget Allocation -> Hospital Capacity strain -> Hospital Admissions -> Hospital Operating Costs -> Pressure for Cost Containment -> Average LOS -> Pressure for Early Discharge -> Clinical Stability -> Premature Discharge Risk -> 30-Day Readmission Rate"",9,""+"""
"Hospital Budget Allocation,""30-Day Readmission Rate"",""Hospital Budget Allocation -> Hospital Capacity strain -> Hospital Admissions -> Hospital Operating Costs -> Pressure for Cost Containment -> Staffing Levels -> Workload -> Medical Error Rate (Care Quality) -> Discharge Planning Quality -> Average LOS -> Pressure for Early Discharge -> Post Discharge Care Needs -> Municipal Care Burden/Workload -> Care Gaps -> Post-Discharge Follow-up Quality -> Early Detection Rate -> 30-Day Readmission Rate"",16,""-"""
"Hospital Budget Allocation,""30-Day Readmission Rate"",""Hospital Budget Allocation -> Hospital Capacity strain -> Hospital Admissions -> Hospital Operating Costs -> Pressure for Cost Containment -> Staffing Levels -> Workload -> Medical Error Rate (Care Quality) -> Discharge Planning Quality -> Average LOS -> Pressure for Early Discharge -> Clinical Stability -> Premature Discharge Risk -> 30-Day Readmission Rate"",13,""-"""
"Hospital Budget Allocation,""30-Day Readmission Rate"",""Hospital Budget Allocation -> Hospital Capacity strain -> Hospital Admissions -> Hospital Operating Costs -> Pressure for Cost Containment -> Staffing Levels -> Workload -> Medical Error Rate (Care Quality) -> Discharge Planning Quality -> Premature Discharge Risk -> 30-Day Readmission Rate"",10,""+"""
"Hospital Budget Allocation,""30-Day Readmission Rate"",""Hospital Budget Allocation -> Hospital Capacity strain -> Hospital Admissions -> Hospital Operating Costs -> Pressure for Cost Containment -> Staffing Levels -> Workload -> Medical Error Rate (Care Quality) -> Discharge Planning Quality -> Continuity of Care -> Medication Reconciliation Accuracy -> 30-Day Readmission Rate"",11,""+"""
"Hospital Budget Allocation,""30-Day Readmission Rate"",""Hospital Budget Allocation -> Hospital Capacity strain -> Hospital Admissions -> Hospital Operating Costs -> Pressure for Cost Containment -> Staffing Levels -> Workload -> Medical Error Rate (Care Quality) -> Discharge Planning Quality -> Continuity of Care -> Post-Discharge Follow-up Quality -> Early Detection Rate -> 30-Day Readmission Rate"",12,""+"""
"Hospital Budget Allocation,""30-Day Readmission Rate"",""Hospital Budget Allocation -> Hospital Capacity strain -> Hospital Admissions -> Hospital Operating Costs -> Pressure for Cost Containment -> Discharge Planning Quality -> Average LOS -> Pressure for Early Discharge -> Post Discharge Care Needs -> Municipal Care Burden/Workload -> Care Gaps -> Post-Discharge Follow-up Quality -> Early Detection Rate -> 30-Day Readmission Rate"",13,""-"""
"Hospital Budget Allocation,""30-Day Readmission Rate"",""Hospital Budget Allocation -> Hospital Capacity strain -> Hospital Admissions -> Hospital Operating Costs -> Pressure for Cost Containment -> Discharge Planning Quality -> Average LOS -> Pressure for Early Discharge -> Clinical Stability -> Premature Discharge Risk -> 30-Day Readmission Rate"",10,""-"""
"Hospital Budget Allocation,""30-Day Readmission Rate"",""Hospital Budget Allocation -> Hospital Capacity strain -> Hospital Admissions -> Hospital Operating Costs -> Pressure for Cost Containment -> Discharge Planning Quality -> Premature Discharge Risk -> 30-Day Readmission Rate"",7,""+"""
"Hospital Budget Allocation,""30-Day Readmission Rate"",""Hospital Budget Allocation -> Hospital Capacity strain -> Hospital Admissions -> Hospital Operating Costs -> Pressure for Cost Containment -> Discharge Planning Quality -> Continuity of Care -> Medication Reconciliation Accuracy -> 30-Day Readmission Rate"",8,""+"""
"Hospital Budget Allocation,""30-Day Readmission Rate"",""Hospital Budget Allocation -> Hospital Capacity strain -> Hospital Admissions -> Hospital Operating Costs -> Pressure for Cost Containment -> Discharge Planning Quality -> Continuity of Care -> Post-Discharge Follow-up Quality -> Early Detection Rate -> 30-Day Readmission Rate"",9,""+"""
"Hospital Budget Allocation,""30-Day Readmission Rate"",""Hospital Budget Allocation -> Hospital Capacity strain -> Hospital Admissions -> Hospital Operating Costs -> Hospital Budget Pressure -> Hospital Efficiency Mandates -> Average LOS -> Discharge Planning Quality -> Premature Discharge Risk -> 30-Day Readmission Rate"",9,""+"""
"Hospital Budget Allocation,""30-Day Readmission Rate"",""Hospital Budget Allocation -> Hospital Capacity strain -> Hospital Admissions -> Hospital Operating Costs -> Hospital Budget Pressure -> Hospital Efficiency Mandates -> Average LOS -> Discharge Planning Quality -> Continuity of Care -> Medication Reconciliation Accuracy -> 30-Day Readmission Rate"",10,""+"""
"Hospital Budget Allocation,""30-Day Readmission Rate"",""Hospital Budget Allocation -> Hospital Capacity strain -> Hospital Admissions -> Hospital Operating Costs -> Hospital Budget Pressure -> Hospital Efficiency Mandates -> Average LOS -> Discharge Planning Quality -> Continuity of Care -> Post-Discharge Follow-up Quality -> Early Detection Rate -> 30-Day Readmission Rate"",11,""+"""
"Hospital Budget Allocation,""30-Day Readmission Rate"",""Hospital Budget Allocation -> Hospital Capacity strain -> Hospital Admissions -> Hospital Operating Costs -> Hospital Budget Pressure -> Hospital Efficiency Mandates -> Average LOS -> Pressure for Early Discharge -> Post Discharge Care Needs -> Municipal Care Burden/Workload -> Care Gaps -> Post-Discharge Follow-up Quality -> Early Detection Rate -> 30-Day Readmission Rate"",13,""+"""
"Hospital Budget Allocation,""30-Day Readmission Rate"",""Hospital Budget Allocation -> Hospital Capacity strain -> Hospital Admissions -> Hospital Operating Costs -> Hospital Budget Pressure -> Hospital Efficiency Mandates -> Average LOS -> Pressure for Early Discharge -> Clinical Stability -> Premature Discharge Risk -> 30-Day Readmission Rate"",10,""+"""
"Hospital Budget Allocation,""30-Day Readmission Rate"",""Hospital Budget Allocation -> Hospital Capacity strain -> Hospital Admissions -> Hospital Operating Costs -> Hospital Budget Pressure -> Pressure for Cost Containment -> Average LOS -> Discharge Planning Quality -> Premature Discharge Risk -> 30-Day Readmission Rate"",9,""+"""
"Hospital Budget Allocation,""30-Day Readmission Rate"",""Hospital Budget Allocation -> Hospital Capacity strain -> Hospital Admissions -> Hospital Operating Costs -> Hospital Budget Pressure -> Pressure for Cost Containment -> Average LOS -> Discharge Planning Quality -> Continuity of Care -> Medication Reconciliation Accuracy -> 30-Day Readmission Rate"",10,""+"""
"Hospital Budget Allocation,""30-Day Readmission Rate"",""Hospital Budget Allocation -> Hospital Capacity strain -> Hospital Admissions -> Hospital Operating Costs -> Hospital Budget Pressure -> Pressure for Cost Containment -> Average LOS -> Discharge Planning Quality -> Continuity of Care -> Post-Discharge Follow-up Quality -> Early Detection Rate -> 30-Day Readmission Rate"",11,""+"""
"Hospital Budget Allocation,""30-Day Readmission Rate"",""Hospital Budget Allocation -> Hospital Capacity strain -> Hospital Admissions -> Hospital Operating Costs -> Hospital Budget Pressure -> Pressure for Cost Containment -> Average LOS -> Pressure for Early Discharge -> Post Discharge Care Needs -> Municipal Care Burden/Workload -> Care Gaps -> Post-Discharge Follow-up Quality -> Early Detection Rate -> 30-Day Readmission Rate"",13,""+"""
"Hospital Budget Allocation,""30-Day Readmission Rate"",""Hospital Budget Allocation -> Hospital Capacity strain -> Hospital Admissions -> Hospital Operating Costs -> Hospital Budget Pressure -> Pressure for Cost Containment -> Average LOS -> Pressure for Early Discharge -> Clinical Stability -> Premature Discharge Risk -> 30-Day Readmission Rate"",10,""+"""
"Hospital Budget Allocation,""30-Day Readmission Rate"",""Hospital Budget Allocation -> Hospital Capacity strain -> Hospital Admissions -> Hospital Operating Costs -> Hospital Budget Pressure -> Pressure for Cost Containment -> Staffing Levels -> Workload -> Medical Error Rate (Care Quality) -> Discharge Planning Quality -> Average LOS -> Pressure for Early Discharge -> Post Discharge Care Needs -> Municipal Care Burden/Workload -> Care Gaps -> Post-Discharge Follow-up Quality -> Early Detection Rate -> 30-Day Readmission Rate"",17,""-"""
"Hospital Budget Allocation,""30-Day Readmission Rate"",""Hospital Budget Allocation -> Hospital Capacity strain -> Hospital Admissions -> Hospital Operating Costs -> Hospital Budget Pressure -> Pressure for Cost Containment -> Staffing Levels -> Workload -> Medical Error Rate (Care Quality) -> Discharge Planning Quality -> Average LOS -> Pressure for Early Discharge -> Clinical Stability -> Premature Discharge Risk -> 30-Day Readmission Rate"",14,""-"""
"Hospital Budget Allocation,""30-Day Readmission Rate"",""Hospital Budget Allocation -> Hospital Capacity strain -> Hospital Admissions -> Hospital Operating Costs -> Hospital Budget Pressure -> Pressure for Cost Containment -> Staffing Levels -> Workload -> Medical Error Rate (Care Quality) -> Discharge Planning Quality -> Premature Discharge Risk -> 30-Day Readmission Rate"",11,""+"""
"Hospital Budget Allocation,""30-Day Readmission Rate"",""Hospital Budget Allocation -> Hospital Capacity strain -> Hospital Admissions -> Hospital Operating Costs -> Hospital Budget Pressure -> Pressure for Cost Containment -> Staffing Levels -> Workload -> Medical Error Rate (Care Quality) -> Discharge Planning Quality -> Continuity of Care -> Medication Reconciliation Accuracy -> 30-Day Readmission Rate"",12,""+"""
"Hospital Budget Allocation,""30-Day Readmission Rate"",""Hospital Budget Allocation -> Hospital Capacity strain -> Hospital Admissions -> Hospital Operating Costs -> Hospital Budget Pressure -> Pressure for Cost Containment -> Staffing Levels -> Workload -> Medical Error Rate (Care Quality) -> Discharge Planning Quality -> Continuity of Care -> Post-Discharge Follow-up Quality -> Early Detection Rate -> 30-Day Readmission Rate"",13,""+"""
"Hospital Budget Allocation,""30-Day Readmission Rate"",""Hospital Budget Allocation -> Hospital Capacity strain -> Hospital Admissions -> Hospital Operating Costs -> Hospital Budget Pressure -> Pressure for Cost Containment -> Discharge Planning Quality -> Average LOS -> Pressure for Early Discharge -> Post Discharge Care Needs -> Municipal Care Burden/Workload -> Care Gaps -> Post-Discharge Follow-up Quality -> Early Detection Rate -> 30-Day Readmission Rate"",14,""-"""
"Hospital Budget Allocation,""30-Day Readmission Rate"",""Hospital Budget Allocation -> Hospital Capacity strain -> Hospital Admissions -> Hospital Operating Costs -> Hospital Budget Pressure -> Pressure for Cost Containment -> Discharge Planning Quality -> Average LOS -> Pressure for Early Discharge -> Clinical Stability -> Premature Discharge Risk -> 30-Day Readmission Rate"",11,""-"""
"Hospital Budget Allocation,""30-Day Readmission Rate"",""Hospital Budget Allocation -> Hospital Capacity strain -> Hospital Admissions -> Hospital Operating Costs -> Hospital Budget Pressure -> Pressure for Cost Containment -> Discharge Planning Quality -> Premature Discharge Risk -> 30-Day Readmission Rate"",8,""+"""
"Hospital Budget Allocation,""30-Day Readmission Rate"",""Hospital Budget Allocation -> Hospital Capacity strain -> Hospital Admissions -> Hospital Operating Costs -> Hospital Budget Pressure -> Pressure for Cost Containment -> Discharge Planning Quality -> Continuity of Care -> Medication Reconciliation Accuracy -> 30-Day Readmission Rate"",9,""+"""
"Hospital Budget Allocation,""30-Day Readmission Rate"",""Hospital Budget Allocation -> Hospital Capacity strain -> Hospital Admissions -> Hospital Operating Costs -> Hospital Budget Pressure -> Pressure for Cost Containment -> Discharge Planning Quality -> Continuity of Care -> Post-Discharge Follow-up Quality -> Early Detection Rate -> 30-Day Readmission Rate"",10,""+"""
"Hospital Budget Allocation,""30-Day Readmission Rate"",""Hospital Budget Allocation -> Hospital Capacity strain -> Hospital Admissions -> Workload -> Medical Error Rate (Care Quality) -> Discharge Planning Quality -> Average LOS -> Pressure for Early Discharge -> Post Discharge Care Needs -> Municipal Care Burden/Workload -> Care Gaps -> Post-Discharge Follow-up Quality -> Early Detection Rate -> 30-Day Readmission Rate"",13,""-"""
"Hospital Budget Allocation,""30-Day Readmission Rate"",""Hospital Budget Allocation -> Hospital Capacity strain -> Hospital Admissions -> Workload -> Medical Error Rate (Care Quality) -> Discharge Planning Quality -> Average LOS -> Pressure for Early Discharge -> Clinical Stability -> Premature Discharge Risk -> 30-Day Readmission Rate"",10,""-"""
"Hospital Budget Allocation,""30-Day Readmission Rate"",""Hospital Budget Allocation -> Hospital Capacity strain -> Hospital Admissions -> Workload -> Medical Error Rate (Care Quality) -> Discharge Planning Quality -> Premature Discharge Risk -> 30-Day Readmission Rate"",7,""+"""
"Hospital Budget Allocation,""30-Day Readmission Rate"",""Hospital Budget Allocation -> Hospital Capacity strain -> Hospital Admissions -> Workload -> Medical Error Rate (Care Quality) -> Discharge Planning Quality -> Continuity of Care -> Medication Reconciliation Accuracy -> 30-Day Readmission Rate"",8,""+"""
"Hospital Budget Allocation,""30-Day Readmission Rate"",""Hospital Budget Allocation -> Hospital Capacity strain -> Hospital Admissions -> Workload -> Medical Error Rate (Care Quality) -> Discharge Planning Quality -> Continuity of Care -> Post-Discharge Follow-up Quality -> Early Detection Rate -> 30-Day Readmission Rate"",9,""+"""
"Hospital Budget Allocation,""30-Day Readmission Rate"",""Hospital Budget Allocation -> Hospital Capacity strain -> Hospital Admissions -> Patients Satisfaction -> Policy Support for Quality -> Funding for Quality Improvement -> Discharge Planning Quality -> Average LOS -> Pressure for Early Discharge -> Post Discharge Care Needs -> Municipal Care Burden/Workload -> Care Gaps -> Post-Discharge Follow-up Quality -> Early Detection Rate -> 30-Day Readmission Rate"",14,""+"""
"Hospital Budget Allocation,""30-Day Readmission Rate"",""Hospital Budget Allocation -> Hospital Capacity strain -> Hospital Admissions -> Patients Satisfaction -> Policy Support for Quality -> Funding for Quality Improvement -> Discharge Planning Quality -> Average LOS -> Pressure for Early Discharge -> Clinical Stability -> Premature Discharge Risk -> 30-Day Readmission Rate"",11,""+"""
"Hospital Budget Allocation,""30-Day Readmission Rate"",""Hospital Budget Allocation -> Hospital Capacity strain -> Hospital Admissions -> Patients Satisfaction -> Policy Support for Quality -> Funding for Quality Improvement -> Discharge Planning Quality -> Premature Discharge Risk -> 30-Day Readmission Rate"",8,""-"""
"Hospital Budget Allocation,""30-Day Readmission Rate"",""Hospital Budget Allocation -> Hospital Capacity strain -> Hospital Admissions -> Patients Satisfaction -> Policy Support for Quality -> Funding for Quality Improvement -> Discharge Planning Quality -> Continuity of Care -> Medication Reconciliation Accuracy -> 30-Day Readmission Rate"",9,""-"""
"Hospital Budget Allocation,""30-Day Readmission Rate"",""Hospital Budget Allocation -> Hospital Capacity strain -> Hospital Admissions -> Patients Satisfaction -> Policy Support for Quality -> Funding for Quality Improvement -> Discharge Planning Quality -> Continuity of Care -> Post-Discharge Follow-up Quality -> Early Detection Rate -> 30-Day Readmission Rate"",10,""-"""
"Hospital Budget Allocation,""30-Day Readmission Rate"",""Hospital Budget Allocation -> Hospital Capacity strain -> Hospital Admissions -> Hospital Budget Pressure -> Hospital Efficiency Mandates -> Average LOS -> Hospital Operating Costs -> Pressure for Cost Containment -> Staffing Levels -> Workload -> Medical Error Rate (Care Quality) -> Discharge Planning Quality -> Premature Discharge Risk -> 30-Day Readmission Rate"",13,""-"""
"Hospital Budget Allocation,""30-Day Readmission Rate"",""Hospital Budget Allocation -> Hospital Capacity strain -> Hospital Admissions -> Hospital Budget Pressure -> Hospital Efficiency Mandates -> Average LOS -> Hospital Operating Costs -> Pressure for Cost Containment -> Staffing Levels -> Workload -> Medical Error Rate (Care Quality) -> Discharge Planning Quality -> Continuity of Care -> Medication Reconciliation Accuracy -> 30-Day Readmission Rate"",14,""-"""
"Hospital Budget Allocation,""30-Day Readmission Rate"",""Hospital Budget Allocation -> Hospital Capacity strain -> Hospital Admissions -> Hospital Budget Pressure -> Hospital Efficiency Mandates -> Average LOS -> Hospital Operating Costs -> Pressure for Cost Containment -> Staffing Levels -> Workload -> Medical Error Rate (Care Quality) -> Discharge Planning Quality -> Continuity of Care -> Post-Discharge Follow-up Quality -> Early Detection Rate -> 30-Day Readmission Rate"",15,""-"""
"Hospital Budget Allocation,""30-Day Readmission Rate"",""Hospital Budget Allocation -> Hospital Capacity strain -> Hospital Admissions -> Hospital Budget Pressure -> Hospital Efficiency Mandates -> Average LOS -> Hospital Operating Costs -> Pressure for Cost Containment -> Discharge Planning Quality -> Premature Discharge Risk -> 30-Day Readmission Rate"",10,""-"""
"Hospital Budget Allocation,""30-Day Readmission Rate"",""Hospital Budget Allocation -> Hospital Capacity strain -> Hospital Admissions -> Hospital Budget Pressure -> Hospital Efficiency Mandates -> Average LOS -> Hospital Operating Costs -> Pressure for Cost Containment -> Discharge Planning Quality -> Continuity of Care -> Medication Reconciliation Accuracy -> 30-Day Readmission Rate"",11,""-"""
"Hospital Budget Allocation,""30-Day Readmission Rate"",""Hospital Budget Allocation -> Hospital Capacity strain -> Hospital Admissions -> Hospital Budget Pressure -> Hospital Efficiency Mandates -> Average LOS -> Hospital Operating Costs -> Pressure for Cost Containment -> Discharge Planning Quality -> Continuity of Care -> Post-Discharge Follow-up Quality -> Early Detection Rate -> 30-Day Readmission Rate"",12,""-"""
"Hospital Budget Allocation,""30-Day Readmission Rate"",""Hospital Budget Allocation -> Hospital Capacity strain -> Hospital Admissions -> Hospital Budget Pressure -> Hospital Efficiency Mandates -> Average LOS -> Discharge Planning Quality -> Premature Discharge Risk -> 30-Day Readmission Rate"",8,""+"""
"Hospital Budget Allocation,""30-Day Readmission Rate"",""Hospital Budget Allocation -> Hospital Capacity strain -> Hospital Admissions -> Hospital Budget Pressure -> Hospital Efficiency Mandates -> Average LOS -> Discharge Planning Quality -> Continuity of Care -> Medication Reconciliation Accuracy -> 30-Day Readmission Rate"",9,""+"""
"Hospital Budget Allocation,""30-Day Readmission Rate"",""Hospital Budget Allocation -> Hospital Capacity strain -> Hospital Admissions -> Hospital Budget Pressure -> Hospital Efficiency Mandates -> Average LOS -> Discharge Planning Quality -> Continuity of Care -> Post-Discharge Follow-up Quality -> Early Detection Rate -> 30-Day Readmission Rate"",10,""+"""
"Hospital Budget Allocation,""30-Day Readmission Rate"",""Hospital Budget Allocation -> Hospital Capacity strain -> Hospital Admissions -> Hospital Budget Pressure -> Hospital Efficiency Mandates -> Average LOS -> Pressure for Early Discharge -> Post Discharge Care Needs -> Municipal Care Burden/Workload -> Care Gaps -> Post-Discharge Follow-up Quality -> Early Detection Rate -> 30-Day Readmission Rate"",12,""+"""
"Hospital Budget Allocation,""30-Day Readmission Rate"",""Hospital Budget Allocation -> Hospital Capacity strain -> Hospital Admissions -> Hospital Budget Pressure -> Hospital Efficiency Mandates -> Average LOS -> Pressure for Early Discharge -> Clinical Stability -> Premature Discharge Risk -> 30-Day Readmission Rate"",9,""+"""
"Hospital Budget Allocation,""30-Day Readmission Rate"",""Hospital Budget Allocation -> Hospital Capacity strain -> Hospital Admissions -> Hospital Budget Pressure -> Pressure for Cost Containment -> Average LOS -> Discharge Planning Quality -> Premature Discharge Risk -> 30-Day Readmission Rate"",8,""+"""
"Hospital Budget Allocation,""30-Day Readmission Rate"",""Hospital Budget Allocation -> Hospital Capacity strain -> Hospital Admissions -> Hospital Budget Pressure -> Pressure for Cost Containment -> Average LOS -> Discharge Planning Quality -> Continuity of Care -> Medication Reconciliation Accuracy -> 30-Day Readmission Rate"",9,""+"""
"Hospital Budget Allocation,""30-Day Readmission Rate"",""Hospital Budget Allocation -> Hospital Capacity strain -> Hospital Admissions -> Hospital Budget Pressure -> Pressure for Cost Containment -> Average LOS -> Discharge Planning Quality -> Continuity of Care -> Post-Discharge Follow-up Quality -> Early Detection Rate -> 30-Day Readmission Rate"",10,""+"""
"Hospital Budget Allocation,""30-Day Readmission Rate"",""Hospital Budget Allocation -> Hospital Capacity strain -> Hospital Admissions -> Hospital Budget Pressure -> Pressure for Cost Containment -> Average LOS -> Pressure for Early Discharge -> Post Discharge Care Needs -> Municipal Care Burden/Workload -> Care Gaps -> Post-Discharge Follow-up Quality -> Early Detection Rate -> 30-Day Readmission Rate"",12,""+"""
"Hospital Budget Allocation,""30-Day Readmission Rate"",""Hospital Budget Allocation -> Hospital Capacity strain -> Hospital Admissions -> Hospital Budget Pressure -> Pressure for Cost Containment -> Average LOS -> Pressure for Early Discharge -> Clinical Stability -> Premature Discharge Risk -> 30-Day Readmission Rate"",9,""+"""
"Hospital Budget Allocation,""30-Day Readmission Rate"",""Hospital Budget Allocation -> Hospital Capacity strain -> Hospital Admissions -> Hospital Budget Pressure -> Pressure for Cost Containment -> Staffing Levels -> Workload -> Medical Error Rate (Care Quality) -> Discharge Planning Quality -> Average LOS -> Pressure for Early Discharge -> Post Discharge Care Needs -> Municipal Care Burden/Workload -> Care Gaps -> Post-Discharge Follow-up Quality -> Early Detection Rate -> 30-Day Readmission Rate"",16,""-"""
"Hospital Budget Allocation,""30-Day Readmission Rate"",""Hospital Budget Allocation -> Hospital Capacity strain -> Hospital Admissions -> Hospital Budget Pressure -> Pressure for Cost Containment -> Staffing Levels -> Workload -> Medical Error Rate (Care Quality) -> Discharge Planning Quality -> Average LOS -> Pressure for Early Discharge -> Clinical Stability -> Premature Discharge Risk -> 30-Day Readmission Rate"",13,""-"""
"Hospital Budget Allocation,""30-Day Readmission Rate"",""Hospital Budget Allocation -> Hospital Capacity strain -> Hospital Admissions -> Hospital Budget Pressure -> Pressure for Cost Containment -> Staffing Levels -> Workload -> Medical Error Rate (Care Quality) -> Discharge Planning Quality -> Premature Discharge Risk -> 30-Day Readmission Rate"",10,""+"""
"Hospital Budget Allocation,""30-Day Readmission Rate"",""Hospital Budget Allocation -> Hospital Capacity strain -> Hospital Admissions -> Hospital Budget Pressure -> Pressure for Cost Containment -> Staffing Levels -> Workload -> Medical Error Rate (Care Quality) -> Discharge Planning Quality -> Continuity of Care -> Medication Reconciliation Accuracy -> 30-Day Readmission Rate"",11,""+"""
"Hospital Budget Allocation,""30-Day Readmission Rate"",""Hospital Budget Allocation -> Hospital Capacity strain -> Hospital Admissions -> Hospital Budget Pressure -> Pressure for Cost Containment -> Staffing Levels -> Workload -> Medical Error Rate (Care Quality) -> Discharge Planning Quality -> Continuity of Care -> Post-Discharge Follow-up Quality -> Early Detection Rate -> 30-Day Readmission Rate"",12,""+"""
"Hospital Budget Allocation,""30-Day Readmission Rate"",""Hospital Budget Allocation -> Hospital Capacity strain -> Hospital Admissions -> Hospital Budget Pressure -> Pressure for Cost Containment -> Discharge Planning Quality -> Average LOS -> Pressure for Early Discharge -> Post Discharge Care Needs -> Municipal Care Burden/Workload -> Care Gaps -> Post-Discharge Follow-up Quality -> Early Detection Rate -> 30-Day Readmission Rate"",13,""-"""
"Hospital Budget Allocation,""30-Day Readmission Rate"",""Hospital Budget Allocation -> Hospital Capacity strain -> Hospital Admissions -> Hospital Budget Pressure -> Pressure for Cost Containment -> Discharge Planning Quality -> Average LOS -> Pressure for Early Discharge -> Clinical Stability -> Premature Discharge Risk -> 30-Day Readmission Rate"",10,""-"""
"Hospital Budget Allocation,""30-Day Readmission Rate"",""Hospital Budget Allocation -> Hospital Capacity strain -> Hospital Admissions -> Hospital Budget Pressure -> Pressure for Cost Containment -> Discharge Planning Quality -> Premature Discharge Risk -> 30-Day Readmission Rate"",7,""+"""
"Hospital Budget Allocation,""30-Day Readmission Rate"",""Hospital Budget Allocation -> Hospital Capacity strain -> Hospital Admissions -> Hospital Budget Pressure -> Pressure for Cost Containment -> Discharge Planning Quality -> Continuity of Care -> Medication Reconciliation Accuracy -> 30-Day Readmission Rate"",8,""+"""
"Hospital Budget Allocation,""30-Day Readmission Rate"",""Hospital Budget Allocation -> Hospital Capacity strain -> Hospital Admissions -> Hospital Budget Pressure -> Pressure for Cost Containment -> Discharge Planning Quality -> Continuity of Care -> Post-Discharge Follow-up Quality -> Early Detection Rate -> 30-Day Readmission Rate"",9,""+"""
"Hospital Budget Allocation,""30-Day Readmission Rate"",""Hospital Budget Allocation -> Hospital Capacity strain -> Pressure for Early Discharge -> Post Discharge Care Needs -> Municipal Care Burden/Workload -> Care Gaps -> Post-Discharge Follow-up Quality -> Early Detection Rate -> 30-Day Readmission Rate"",8,""-"""
"Hospital Budget Allocation,""30-Day Readmission Rate"",""Hospital Budget Allocation -> Hospital Capacity strain -> Pressure for Early Discharge -> Clinical Stability -> Premature Discharge Risk -> 30-Day Readmission Rate"",5,""-"""
"Hospital Budget Allocation,""30-Day Readmission Rate"",""Hospital Budget Allocation -> Hospital Budget Pressure -> Hospital Efficiency Mandates -> Average LOS -> Hospital Operating Costs -> Pressure for Cost Containment -> Staffing Levels -> Workload -> Medical Error Rate (Care Quality) -> Discharge Planning Quality -> Premature Discharge Risk -> 30-Day Readmission Rate"",11,""+"""
"Hospital Budget Allocation,""30-Day Readmission Rate"",""Hospital Budget Allocation -> Hospital Budget Pressure -> Hospital Efficiency Mandates -> Average LOS -> Hospital Operating Costs -> Pressure for Cost Containment -> Staffing Levels -> Workload -> Medical Error Rate (Care Quality) -> Discharge Planning Quality -> Continuity of Care -> Medication Reconciliation Accuracy -> 30-Day Readmission Rate"",12,""+"""
"Hospital Budget Allocation,""30-Day Readmission Rate"",""Hospital Budget Allocation -> Hospital Budget Pressure -> Hospital Efficiency Mandates -> Average LOS -> Hospital Operating Costs -> Pressure for Cost Containment -> Staffing Levels -> Workload -> Medical Error Rate (Care Quality) -> Discharge Planning Quality -> Continuity of Care -> Post-Discharge Follow-up Quality -> Early Detection Rate -> 30-Day Readmission Rate"",13,""+"""
"Hospital Budget Allocation,""30-Day Readmission Rate"",""Hospital Budget Allocation -> Hospital Budget Pressure -> Hospital Efficiency Mandates -> Average LOS -> Hospital Operating Costs -> Pressure for Cost Containment -> Discharge Planning Quality -> Premature Discharge Risk -> 30-Day Readmission Rate"",8,""+"""
"Hospital Budget Allocation,""30-Day Readmission Rate"",""Hospital Budget Allocation -> Hospital Budget Pressure -> Hospital Efficiency Mandates -> Average LOS -> Hospital Operating Costs -> Pressure for Cost Containment -> Discharge Planning Quality -> Continuity of Care -> Medication Reconciliation Accuracy -> 30-Day Readmission Rate"",9,""+"""
"Hospital Budget Allocation,""30-Day Readmission Rate"",""Hospital Budget Allocation -> Hospital Budget Pressure -> Hospital Efficiency Mandates -> Average LOS -> Hospital Operating Costs -> Pressure for Cost Containment -> Discharge Planning Quality -> Continuity of Care -> Post-Discharge Follow-up Quality -> Early Detection Rate -> 30-Day Readmission Rate"",10,""+"""
"Hospital Budget Allocation,""30-Day Readmission Rate"",""Hospital Budget Allocation -> Hospital Budget Pressure -> Hospital Efficiency Mandates -> Average LOS -> Discharge Planning Quality -> Premature Discharge Risk -> 30-Day Readmission Rate"",6,""-"""
"Hospital Budget Allocation,""30-Day Readmission Rate"",""Hospital Budget Allocation -> Hospital Budget Pressure -> Hospital Efficiency Mandates -> Average LOS -> Discharge Planning Quality -> Continuity of Care -> Medication Reconciliation Accuracy -> 30-Day Readmission Rate"",7,""-"""
"Hospital Budget Allocation,""30-Day Readmission Rate"",""Hospital Budget Allocation -> Hospital Budget Pressure -> Hospital Efficiency Mandates -> Average LOS -> Discharge Planning Quality -> Continuity of Care -> Post-Discharge Follow-up Quality -> Early Detection Rate -> 30-Day Readmission Rate"",8,""-"""
"Hospital Budget Allocation,""30-Day Readmission Rate"",""Hospital Budget Allocation -> Hospital Budget Pressure -> Hospital Efficiency Mandates -> Average LOS -> Pressure for Early Discharge -> Post Discharge Care Needs -> Municipal Care Burden/Workload -> Care Gaps -> Post-Discharge Follow-up Quality -> Early Detection Rate -> 30-Day Readmission Rate"",10,""-"""
"Hospital Budget Allocation,""30-Day Readmission Rate"",""Hospital Budget Allocation -> Hospital Budget Pressure -> Hospital Efficiency Mandates -> Average LOS -> Pressure for Early Discharge -> Clinical Stability -> Premature Discharge Risk -> 30-Day Readmission Rate"",7,""-"""
"Hospital Budget Allocation,""30-Day Readmission Rate"",""Hospital Budget Allocation -> Hospital Budget Pressure -> Pressure for Cost Containment -> Average LOS -> Discharge Planning Quality -> Premature Discharge Risk -> 30-Day Readmission Rate"",6,""-"""
"Hospital Budget Allocation,""30-Day Readmission Rate"",""Hospital Budget Allocation -> Hospital Budget Pressure -> Pressure for Cost Containment -> Average LOS -> Discharge Planning Quality -> Continuity of Care -> Medication Reconciliation Accuracy -> 30-Day Readmission Rate"",7,""-"""
"Hospital Budget Allocation,""30-Day Readmission Rate"",""Hospital Budget Allocation -> Hospital Budget Pressure -> Pressure for Cost Containment -> Average LOS -> Discharge Planning Quality -> Continuity of Care -> Post-Discharge Follow-up Quality -> Early Detection Rate -> 30-Day Readmission Rate"",8,""-"""
"Hospital Budget Allocation,""30-Day Readmission Rate"",""Hospital Budget Allocation -> Hospital Budget Pressure -> Pressure for Cost Containment -> Average LOS -> Pressure for Early Discharge -> Post Discharge Care Needs -> Municipal Care Burden/Workload -> Care Gaps -> Post-Discharge Follow-up Quality -> Early Detection Rate -> 30-Day Readmission Rate"",10,""-"""
"Hospital Budget Allocation,""30-Day Readmission Rate"",""Hospital Budget Allocation -> Hospital Budget Pressure -> Pressure for Cost Containment -> Average LOS -> Pressure for Early Discharge -> Clinical Stability -> Premature Discharge Risk -> 30-Day Readmission Rate"",7,""-"""
"Hospital Budget Allocation,""30-Day Readmission Rate"",""Hospital Budget Allocation -> Hospital Budget Pressure -> Pressure for Cost Containment -> Staffing Levels -> Workload -> Medical Error Rate (Care Quality) -> Discharge Planning Quality -> Average LOS -> Pressure for Early Discharge -> Post Discharge Care Needs -> Municipal Care Burden/Workload -> Care Gaps -> Post-Discharge Follow-up Quality -> Early Detection Rate -> 30-Day Readmission Rate"",14,""+"""
"Hospital Budget Allocation,""30-Day Readmission Rate"",""Hospital Budget Allocation -> Hospital Budget Pressure -> Pressure for Cost Containment -> Staffing Levels -> Workload -> Medical Error Rate (Care Quality) -> Discharge Planning Quality -> Average LOS -> Pressure for Early Discharge -> Clinical Stability -> Premature Discharge Risk -> 30-Day Readmission Rate"",11,""+"""
"Hospital Budget Allocation,""30-Day Readmission Rate"",""Hospital Budget Allocation -> Hospital Budget Pressure -> Pressure for Cost Containment -> Staffing Levels -> Workload -> Medical Error Rate (Care Quality) -> Discharge Planning Quality -> Premature Discharge Risk -> 30-Day Readmission Rate"",8,""-"""
"Hospital Budget Allocation,""30-Day Readmission Rate"",""Hospital Budget Allocation -> Hospital Budget Pressure -> Pressure for Cost Containment -> Staffing Levels -> Workload -> Medical Error Rate (Care Quality) -> Discharge Planning Quality -> Continuity of Care -> Medication Reconciliation Accuracy -> 30-Day Readmission Rate"",9,""-"""
"Hospital Budget Allocation,""30-Day Readmission Rate"",""Hospital Budget Allocation -> Hospital Budget Pressure -> Pressure for Cost Containment -> Staffing Levels -> Workload -> Medical Error Rate (Care Quality) -> Discharge Planning Quality -> Continuity of Care -> Post-Discharge Follow-up Quality -> Early Detection Rate -> 30-Day Readmission Rate"",10,""-"""
"Hospital Budget Allocation,""30-Day Readmission Rate"",""Hospital Budget Allocation -> Hospital Budget Pressure -> Pressure for Cost Containment -> Discharge Planning Quality -> Average LOS -> Pressure for Early Discharge -> Post Discharge Care Needs -> Municipal Care Burden/Workload -> Care Gaps -> Post-Discharge Follow-up Quality -> Early Detection Rate -> 30-Day Readmission Rate"",11,""+"""
"Hospital Budget Allocation,""30-Day Readmission Rate"",""Hospital Budget Allocation -> Hospital Budget Pressure -> Pressure for Cost Containment -> Discharge Planning Quality -> Average LOS -> Pressure for Early Discharge -> Clinical Stability -> Premature Discharge Risk -> 30-Day Readmission Rate"",8,""+"""
"Hospital Budget Allocation,""30-Day Readmission Rate"",""Hospital Budget Allocation -> Hospital Budget Pressure -> Pressure for Cost Containment -> Discharge Planning Quality -> Premature Discharge Risk -> 30-Day Readmission Rate"",5,""-"""
"Hospital Budget Allocation,""30-Day Readmission Rate"",""Hospital Budget Allocation -> Hospital Budget Pressure -> Pressure for Cost Containment -> Discharge Planning Quality -> Continuity of Care -> Medication Reconciliation Accuracy -> 30-Day Readmission Rate"",6,""-"""
"Hospital Budget Allocation,""30-Day Readmission Rate"",""Hospital Budget Allocation -> Hospital Budget Pressure -> Pressure for Cost Containment -> Discharge Planning Quality -> Continuity of Care -> Post-Discharge Follow-up Quality -> Early Detection Rate -> 30-Day Readmission Rate"",7,""-"""
"Hospital Budget Pressure,""30-Day Readmission Rate"",""Hospital Budget Pressure -> Hospital Efficiency Mandates -> Average LOS -> Hospital Operating Costs -> Pressure for Cost Containment -> Staffing Levels -> Workload -> Medical Error Rate (Care Quality) -> Discharge Planning Quality -> Premature Discharge Risk -> 30-Day Readmission Rate"",10,""-"""
"Hospital Budget Pressure,""30-Day Readmission Rate"",""Hospital Budget Pressure -> Hospital Efficiency Mandates -> Average LOS -> Hospital Operating Costs -> Pressure for Cost Containment -> Staffing Levels -> Workload -> Medical Error Rate (Care Quality) -> Discharge Planning Quality -> Continuity of Care -> Medication Reconciliation Accuracy -> 30-Day Readmission Rate"",11,""-"""
"Hospital Budget Pressure,""30-Day Readmission Rate"",""Hospital Budget Pressure -> Hospital Efficiency Mandates -> Average LOS -> Hospital Operating Costs -> Pressure for Cost Containment -> Staffing Levels -> Workload -> Medical Error Rate (Care Quality) -> Discharge Planning Quality -> Continuity of Care -> Post-Discharge Follow-up Quality -> Early Detection Rate -> 30-Day Readmission Rate"",12,""-"""
"Hospital Budget Pressure,""30-Day Readmission Rate"",""Hospital Budget Pressure -> Hospital Efficiency Mandates -> Average LOS -> Hospital Operating Costs -> Pressure for Cost Containment -> Discharge Planning Quality -> Premature Discharge Risk -> 30-Day Readmission Rate"",7,""-"""
"Hospital Budget Pressure,""30-Day Readmission Rate"",""Hospital Budget Pressure -> Hospital Efficiency Mandates -> Average LOS -> Hospital Operating Costs -> Pressure for Cost Containment -> Discharge Planning Quality -> Continuity of Care -> Medication Reconciliation Accuracy -> 30-Day Readmission Rate"",8,""-"""
"Hospital Budget Pressure,""30-Day Readmission Rate"",""Hospital Budget Pressure -> Hospital Efficiency Mandates -> Average LOS -> Hospital Operating Costs -> Pressure for Cost Containment -> Discharge Planning Quality -> Continuity of Care -> Post-Discharge Follow-up Quality -> Early Detection Rate -> 30-Day Readmission Rate"",9,""-"""
"Hospital Budget Pressure,""30-Day Readmission Rate"",""Hospital Budget Pressure -> Hospital Efficiency Mandates -> Average LOS -> Discharge Planning Quality -> Premature Discharge Risk -> 30-Day Readmission Rate"",5,""+"""
"Hospital Budget Pressure,""30-Day Readmission Rate"",""Hospital Budget Pressure -> Hospital Efficiency Mandates -> Average LOS -> Discharge Planning Quality -> Continuity of Care -> Medication Reconciliation Accuracy -> 30-Day Readmission Rate"",6,""+"""
"Hospital Budget Pressure,""30-Day Readmission Rate"",""Hospital Budget Pressure -> Hospital Efficiency Mandates -> Average LOS -> Discharge Planning Quality -> Continuity of Care -> Post-Discharge Follow-up Quality -> Early Detection Rate -> 30-Day Readmission Rate"",7,""+"""
"Hospital Budget Pressure,""30-Day Readmission Rate"",""Hospital Budget Pressure -> Hospital Efficiency Mandates -> Average LOS -> Pressure for Early Discharge -> Post Discharge Care Needs -> Municipal Care Burden/Workload -> Care Gaps -> Post-Discharge Follow-up Quality -> Early Detection Rate -> 30-Day Readmission Rate"",9,""+"""
"Hospital Budget Pressure,""30-Day Readmission Rate"",""Hospital Budget Pressure -> Hospital Efficiency Mandates -> Average LOS -> Pressure for Early Discharge -> Clinical Stability -> Premature Discharge Risk -> 30-Day Readmission Rate"",6,""+"""
"Hospital Budget Pressure,""30-Day Readmission Rate"",""Hospital Budget Pressure -> Pressure for Cost Containment -> Average LOS -> Discharge Planning Quality -> Premature Discharge Risk -> 30-Day Readmission Rate"",5,""+"""
"Hospital Budget Pressure,""30-Day Readmission Rate"",""Hospital Budget Pressure -> Pressure for Cost Containment -> Average LOS -> Discharge Planning Quality -> Continuity of Care -> Medication Reconciliation Accuracy -> 30-Day Readmission Rate"",6,""+"""
"Hospital Budget Pressure,""30-Day Readmission Rate"",""Hospital Budget Pressure -> Pressure for Cost Containment -> Average LOS -> Discharge Planning Quality -> Continuity of Care -> Post-Discharge Follow-up Quality -> Early Detection Rate -> 30-Day Readmission Rate"",7,""+"""
"Hospital Budget Pressure,""30-Day Readmission Rate"",""Hospital Budget Pressure -> Pressure for Cost Containment -> Average LOS -> Pressure for Early Discharge -> Post Discharge Care Needs -> Municipal Care Burden/Workload -> Care Gaps -> Post-Discharge Follow-up Quality -> Early Detection Rate -> 30-Day Readmission Rate"",9,""+"""
"Hospital Budget Pressure,""30-Day Readmission Rate"",""Hospital Budget Pressure -> Pressure for Cost Containment -> Average LOS -> Pressure for Early Discharge -> Clinical Stability -> Premature Discharge Risk -> 30-Day Readmission Rate"",6,""+"""
"Hospital Budget Pressure,""30-Day Readmission Rate"",""Hospital Budget Pressure -> Pressure for Cost Containment -> Staffing Levels -> Workload -> Medical Error Rate (Care Quality) -> Discharge Planning Quality -> Average LOS -> Pressure for Early Discharge -> Post Discharge Care Needs -> Municipal Care Burden/Workload -> Care Gaps -> Post-Discharge Follow-up Quality -> Early Detection Rate -> 30-Day Readmission Rate"",13,""-"""
"Hospital Budget Pressure,""30-Day Readmission Rate"",""Hospital Budget Pressure -> Pressure for Cost Containment -> Staffing Levels -> Workload -> Medical Error Rate (Care Quality) -> Discharge Planning Quality -> Average LOS -> Pressure for Early Discharge -> Clinical Stability -> Premature Discharge Risk -> 30-Day Readmission Rate"",10,""-"""
"Hospital Budget Pressure,""30-Day Readmission Rate"",""Hospital Budget Pressure -> Pressure for Cost Containment -> Staffing Levels -> Workload -> Medical Error Rate (Care Quality) -> Discharge Planning Quality -> Premature Discharge Risk -> 30-Day Readmission Rate"",7,""+"""
"Hospital Budget Pressure,""30-Day Readmission Rate"",""Hospital Budget Pressure -> Pressure for Cost Containment -> Staffing Levels -> Workload -> Medical Error Rate (Care Quality) -> Discharge Planning Quality -> Continuity of Care -> Medication Reconciliation Accuracy -> 30-Day Readmission Rate"",8,""+"""
"Hospital Budget Pressure,""30-Day Readmission Rate"",""Hospital Budget Pressure -> Pressure for Cost Containment -> Staffing Levels -> Workload -> Medical Error Rate (Care Quality) -> Discharge Planning Quality -> Continuity of Care -> Post-Discharge Follow-up Quality -> Early Detection Rate -> 30-Day Readmission Rate"",9,""+"""
"Hospital Budget Pressure,""30-Day Readmission Rate"",""Hospital Budget Pressure -> Pressure for Cost Containment -> Discharge Planning Quality -> Average LOS -> Pressure for Early Discharge -> Post Discharge Care Needs -> Municipal Care Burden/Workload -> Care Gaps -> Post-Discharge Follow-up Quality -> Early Detection Rate -> 30-Day Readmission Rate"",10,""-"""
"Hospital Budget Pressure,""30-Day Readmission Rate"",""Hospital Budget Pressure -> Pressure for Cost Containment -> Discharge Planning Quality -> Average LOS -> Pressure for Early Discharge -> Clinical Stability -> Premature Discharge Risk -> 30-Day Readmission Rate"",7,""-"""
"Hospital Budget Pressure,""30-Day Readmission Rate"",""Hospital Budget Pressure -> Pressure for Cost Containment -> Discharge Planning Quality -> Premature Discharge Risk -> 30-Day Readmission Rate"",4,""+"""
"Hospital Budget Pressure,""30-Day Readmission Rate"",""Hospital Budget Pressure -> Pressure for Cost Containment -> Discharge Planning Quality -> Continuity of Care -> Medication Reconciliation Accuracy -> 30-Day Readmission Rate"",5,""+"""
"Hospital Budget Pressure,""30-Day Readmission Rate"",""Hospital Budget Pressure -> Pressure for Cost Containment -> Discharge Planning Quality -> Continuity of Care -> Post-Discharge Follow-up Quality -> Early Detection Rate -> 30-Day Readmission Rate"",6,""+"""
"Hospital Capacity strain,""30-Day Readmission Rate"",""Hospital Capacity strain -> Hospital Admissions -> Hospital Operating Costs -> Hospital Efficiency Mandates -> Average LOS -> Discharge Planning Quality -> Premature Discharge Risk -> 30-Day Readmission Rate"",7,""-"""
"Hospital Capacity strain,""30-Day Readmission Rate"",""Hospital Capacity strain -> Hospital Admissions -> Hospital Operating Costs -> Hospital Efficiency Mandates -> Average LOS -> Discharge Planning Quality -> Continuity of Care -> Medication Reconciliation Accuracy -> 30-Day Readmission Rate"",8,""-"""
"Hospital Capacity strain,""30-Day Readmission Rate"",""Hospital Capacity strain -> Hospital Admissions -> Hospital Operating Costs -> Hospital Efficiency Mandates -> Average LOS -> Discharge Planning Quality -> Continuity of Care -> Post-Discharge Follow-up Quality -> Early Detection Rate -> 30-Day Readmission Rate"",9,""-"""
"Hospital Capacity strain,""30-Day Readmission Rate"",""Hospital Capacity strain -> Hospital Admissions -> Hospital Operating Costs -> Hospital Efficiency Mandates -> Average LOS -> Pressure for Early Discharge -> Post Discharge Care Needs -> Municipal Care Burden/Workload -> Care Gaps -> Post-Discharge Follow-up Quality -> Early Detection Rate -> 30-Day Readmission Rate"",11,""-"""
"Hospital Capacity strain,""30-Day Readmission Rate"",""Hospital Capacity strain -> Hospital Admissions -> Hospital Operating Costs -> Hospital Efficiency Mandates -> Average LOS -> Pressure for Early Discharge -> Clinical Stability -> Premature Discharge Risk -> 30-Day Readmission Rate"",8,""-"""
"Hospital Capacity strain,""30-Day Readmission Rate"",""Hospital Capacity strain -> Hospital Admissions -> Hospital Operating Costs -> Pressure for Cost Containment -> Average LOS -> Discharge Planning Quality -> Premature Discharge Risk -> 30-Day Readmission Rate"",7,""-"""
"Hospital Capacity strain,""30-Day Readmission Rate"",""Hospital Capacity strain -> Hospital Admissions -> Hospital Operating Costs -> Pressure for Cost Containment -> Average LOS -> Discharge Planning Quality -> Continuity of Care -> Medication Reconciliation Accuracy -> 30-Day Readmission Rate"",8,""-"""
"Hospital Capacity strain,""30-Day Readmission Rate"",""Hospital Capacity strain -> Hospital Admissions -> Hospital Operating Costs -> Pressure for Cost Containment -> Average LOS -> Discharge Planning Quality -> Continuity of Care -> Post-Discharge Follow-up Quality -> Early Detection Rate -> 30-Day Readmission Rate"",9,""-"""
"Hospital Capacity strain,""30-Day Readmission Rate"",""Hospital Capacity strain -> Hospital Admissions -> Hospital Operating Costs -> Pressure for Cost Containment -> Average LOS -> Pressure for Early Discharge -> Post Discharge Care Needs -> Municipal Care Burden/Workload -> Care Gaps -> Post-Discharge Follow-up Quality -> Early Detection Rate -> 30-Day Readmission Rate"",11,""-"""
"Hospital Capacity strain,""30-Day Readmission Rate"",""Hospital Capacity strain -> Hospital Admissions -> Hospital Operating Costs -> Pressure for Cost Containment -> Average LOS -> Pressure for Early Discharge -> Clinical Stability -> Premature Discharge Risk -> 30-Day Readmission Rate"",8,""-"""
"Hospital Capacity strain,""30-Day Readmission Rate"",""Hospital Capacity strain -> Hospital Admissions -> Hospital Operating Costs -> Pressure for Cost Containment -> Staffing Levels -> Workload -> Medical Error Rate (Care Quality) -> Discharge Planning Quality -> Average LOS -> Pressure for Early Discharge -> Post Discharge Care Needs -> Municipal Care Burden/Workload -> Care Gaps -> Post-Discharge Follow-up Quality -> Early Detection Rate -> 30-Day Readmission Rate"",15,""+"""
"Hospital Capacity strain,""30-Day Readmission Rate"",""Hospital Capacity strain -> Hospital Admissions -> Hospital Operating Costs -> Pressure for Cost Containment -> Staffing Levels -> Workload -> Medical Error Rate (Care Quality) -> Discharge Planning Quality -> Average LOS -> Pressure for Early Discharge -> Clinical Stability -> Premature Discharge Risk -> 30-Day Readmission Rate"",12,""+"""
"Hospital Capacity strain,""30-Day Readmission Rate"",""Hospital Capacity strain -> Hospital Admissions -> Hospital Operating Costs -> Pressure for Cost Containment -> Staffing Levels -> Workload -> Medical Error Rate (Care Quality) -> Discharge Planning Quality -> Premature Discharge Risk -> 30-Day Readmission Rate"",9,""-"""
"Hospital Capacity strain,""30-Day Readmission Rate"",""Hospital Capacity strain -> Hospital Admissions -> Hospital Operating Costs -> Pressure for Cost Containment -> Staffing Levels -> Workload -> Medical Error Rate (Care Quality) -> Discharge Planning Quality -> Continuity of Care -> Medication Reconciliation Accuracy -> 30-Day Readmission Rate"",10,""-"""
"Hospital Capacity strain,""30-Day Readmission Rate"",""Hospital Capacity strain -> Hospital Admissions -> Hospital Operating Costs -> Pressure for Cost Containment -> Staffing Levels -> Workload -> Medical Error Rate (Care Quality) -> Discharge Planning Quality -> Continuity of Care -> Post-Discharge Follow-up Quality -> Early Detection Rate -> 30-Day Readmission Rate"",11,""-"""
"Hospital Capacity strain,""30-Day Readmission Rate"",""Hospital Capacity strain -> Hospital Admissions -> Hospital Operating Costs -> Pressure for Cost Containment -> Discharge Planning Quality -> Average LOS -> Pressure for Early Discharge -> Post Discharge Care Needs -> Municipal Care Burden/Workload -> Care Gaps -> Post-Discharge Follow-up Quality -> Early Detection Rate -> 30-Day Readmission Rate"",12,""+"""
"Hospital Capacity strain,""30-Day Readmission Rate"",""Hospital Capacity strain -> Hospital Admissions -> Hospital Operating Costs -> Pressure for Cost Containment -> Discharge Planning Quality -> Average LOS -> Pressure for Early Discharge -> Clinical Stability -> Premature Discharge Risk -> 30-Day Readmission Rate"",9,""+"""
"Hospital Capacity strain,""30-Day Readmission Rate"",""Hospital Capacity strain -> Hospital Admissions -> Hospital Operating Costs -> Pressure for Cost Containment -> Discharge Planning Quality -> Premature Discharge Risk -> 30-Day Readmission Rate"",6,""-"""
"Hospital Capacity strain,""30-Day Readmission Rate"",""Hospital Capacity strain -> Hospital Admissions -> Hospital Operating Costs -> Pressure for Cost Containment -> Discharge Planning Quality -> Continuity of Care -> Medication Reconciliation Accuracy -> 30-Day Readmission Rate"",7,""-"""
"Hospital Capacity strain,""30-Day Readmission Rate"",""Hospital Capacity strain -> Hospital Admissions -> Hospital Operating Costs -> Pressure for Cost Containment -> Discharge Planning Quality -> Continuity of Care -> Post-Discharge Follow-up Quality -> Early Detection Rate -> 30-Day Readmission Rate"",8,""-"""
"Hospital Capacity strain,""30-Day Readmission Rate"",""Hospital Capacity strain -> Hospital Admissions -> Hospital Operating Costs -> Hospital Budget Pressure -> Hospital Efficiency Mandates -> Average LOS -> Discharge Planning Quality -> Premature Discharge Risk -> 30-Day Readmission Rate"",8,""-"""
"Hospital Capacity strain,""30-Day Readmission Rate"",""Hospital Capacity strain -> Hospital Admissions -> Hospital Operating Costs -> Hospital Budget Pressure -> Hospital Efficiency Mandates -> Average LOS -> Discharge Planning Quality -> Continuity of Care -> Medication Reconciliation Accuracy -> 30-Day Readmission Rate"",9,""-"""
"Hospital Capacity strain,""30-Day Readmission Rate"",""Hospital Capacity strain -> Hospital Admissions -> Hospital Operating Costs -> Hospital Budget Pressure -> Hospital Efficiency Mandates -> Average LOS -> Discharge Planning Quality -> Continuity of Care -> Post-Discharge Follow-up Quality -> Early Detection Rate -> 30-Day Readmission Rate"",10,""-"""
"Hospital Capacity strain,""30-Day Readmission Rate"",""Hospital Capacity strain -> Hospital Admissions -> Hospital Operating Costs -> Hospital Budget Pressure -> Hospital Efficiency Mandates -> Average LOS -> Pressure for Early Discharge -> Post Discharge Care Needs -> Municipal Care Burden/Workload -> Care Gaps -> Post-Discharge Follow-up Quality -> Early Detection Rate -> 30-Day Readmission Rate"",12,""-"""
"Hospital Capacity strain,""30-Day Readmission Rate"",""Hospital Capacity strain -> Hospital Admissions -> Hospital Operating Costs -> Hospital Budget Pressure -> Hospital Efficiency Mandates -> Average LOS -> Pressure for Early Discharge -> Clinical Stability -> Premature Discharge Risk -> 30-Day Readmission Rate"",9,""-"""
"Hospital Capacity strain,""30-Day Readmission Rate"",""Hospital Capacity strain -> Hospital Admissions -> Hospital Operating Costs -> Hospital Budget Pressure -> Pressure for Cost Containment -> Average LOS -> Discharge Planning Quality -> Premature Discharge Risk -> 30-Day Readmission Rate"",8,""-"""
"Hospital Capacity strain,""30-Day Readmission Rate"",""Hospital Capacity strain -> Hospital Admissions -> Hospital Operating Costs -> Hospital Budget Pressure -> Pressure for Cost Containment -> Average LOS -> Discharge Planning Quality -> Continuity of Care -> Medication Reconciliation Accuracy -> 30-Day Readmission Rate"",9,""-"""
"Hospital Capacity strain,""30-Day Readmission Rate"",""Hospital Capacity strain -> Hospital Admissions -> Hospital Operating Costs -> Hospital Budget Pressure -> Pressure for Cost Containment -> Average LOS -> Discharge Planning Quality -> Continuity of Care -> Post-Discharge Follow-up Quality -> Early Detection Rate -> 30-Day Readmission Rate"",10,""-"""
"Hospital Capacity strain,""30-Day Readmission Rate"",""Hospital Capacity strain -> Hospital Admissions -> Hospital Operating Costs -> Hospital Budget Pressure -> Pressure for Cost Containment -> Average LOS -> Pressure for Early Discharge -> Post Discharge Care Needs -> Municipal Care Burden/Workload -> Care Gaps -> Post-Discharge Follow-up Quality -> Early Detection Rate -> 30-Day Readmission Rate"",12,""-"""
"Hospital Capacity strain,""30-Day Readmission Rate"",""Hospital Capacity strain -> Hospital Admissions -> Hospital Operating Costs -> Hospital Budget Pressure -> Pressure for Cost Containment -> Average LOS -> Pressure for Early Discharge -> Clinical Stability -> Premature Discharge Risk -> 30-Day Readmission Rate"",9,""-"""
"Hospital Capacity strain,""30-Day Readmission Rate"",""Hospital Capacity strain -> Hospital Admissions -> Hospital Operating Costs -> Hospital Budget Pressure -> Pressure for Cost Containment -> Staffing Levels -> Workload -> Medical Error Rate (Care Quality) -> Discharge Planning Quality -> Average LOS -> Pressure for Early Discharge -> Post Discharge Care Needs -> Municipal Care Burden/Workload -> Care Gaps -> Post-Discharge Follow-up Quality -> Early Detection Rate -> 30-Day Readmission Rate"",16,""+"""
"Hospital Capacity strain,""30-Day Readmission Rate"",""Hospital Capacity strain -> Hospital Admissions -> Hospital Operating Costs -> Hospital Budget Pressure -> Pressure for Cost Containment -> Staffing Levels -> Workload -> Medical Error Rate (Care Quality) -> Discharge Planning Quality -> Average LOS -> Pressure for Early Discharge -> Clinical Stability -> Premature Discharge Risk -> 30-Day Readmission Rate"",13,""+"""
"Hospital Capacity strain,""30-Day Readmission Rate"",""Hospital Capacity strain -> Hospital Admissions -> Hospital Operating Costs -> Hospital Budget Pressure -> Pressure for Cost Containment -> Staffing Levels -> Workload -> Medical Error Rate (Care Quality) -> Discharge Planning Quality -> Premature Discharge Risk -> 30-Day Readmission Rate"",10,""-"""
"Hospital Capacity strain,""30-Day Readmission Rate"",""Hospital Capacity strain -> Hospital Admissions -> Hospital Operating Costs -> Hospital Budget Pressure -> Pressure for Cost Containment -> Staffing Levels -> Workload -> Medical Error Rate (Care Quality) -> Discharge Planning Quality -> Continuity of Care -> Medication Reconciliation Accuracy -> 30-Day Readmission Rate"",11,""-"""
"Hospital Capacity strain,""30-Day Readmission Rate"",""Hospital Capacity strain -> Hospital Admissions -> Hospital Operating Costs -> Hospital Budget Pressure -> Pressure for Cost Containment -> Staffing Levels -> Workload -> Medical Error Rate (Care Quality) -> Discharge Planning Quality -> Continuity of Care -> Post-Discharge Follow-up Quality -> Early Detection Rate -> 30-Day Readmission Rate"",12,""-"""
"Hospital Capacity strain,""30-Day Readmission Rate"",""Hospital Capacity strain -> Hospital Admissions -> Hospital Operating Costs -> Hospital Budget Pressure -> Pressure for Cost Containment -> Discharge Planning Quality -> Average LOS -> Pressure for Early Discharge -> Post Discharge Care Needs -> Municipal Care Burden/Workload -> Care Gaps -> Post-Discharge Follow-up Quality -> Early Detection Rate -> 30-Day Readmission Rate"",13,""+"""
"Hospital Capacity strain,""30-Day Readmission Rate"",""Hospital Capacity strain -> Hospital Admissions -> Hospital Operating Costs -> Hospital Budget Pressure -> Pressure for Cost Containment -> Discharge Planning Quality -> Average LOS -> Pressure for Early Discharge -> Clinical Stability -> Premature Discharge Risk -> 30-Day Readmission Rate"",10,""+"""
"Hospital Capacity strain,""30-Day Readmission Rate"",""Hospital Capacity strain -> Hospital Admissions -> Hospital Operating Costs -> Hospital Budget Pressure -> Pressure for Cost Containment -> Discharge Planning Quality -> Premature Discharge Risk -> 30-Day Readmission Rate"",7,""-"""
"Hospital Capacity strain,""30-Day Readmission Rate"",""Hospital Capacity strain -> Hospital Admissions -> Hospital Operating Costs -> Hospital Budget Pressure -> Pressure for Cost Containment -> Discharge Planning Quality -> Continuity of Care -> Medication Reconciliation Accuracy -> 30-Day Readmission Rate"",8,""-"""
"Hospital Capacity strain,""30-Day Readmission Rate"",""Hospital Capacity strain -> Hospital Admissions -> Hospital Operating Costs -> Hospital Budget Pressure -> Pressure for Cost Containment -> Discharge Planning Quality -> Continuity of Care -> Post-Discharge Follow-up Quality -> Early Detection Rate -> 30-Day Readmission Rate"",9,""-"""
"Hospital Capacity strain,""30-Day Readmission Rate"",""Hospital Capacity strain -> Hospital Admissions -> Workload -> Medical Error Rate (Care Quality) -> Discharge Planning Quality -> Average LOS -> Pressure for Early Discharge -> Post Discharge Care Needs -> Municipal Care Burden/Workload -> Care Gaps -> Post-Discharge Follow-up Quality -> Early Detection Rate -> 30-Day Readmission Rate"",12,""+"""
"Hospital Capacity strain,""30-Day Readmission Rate"",""Hospital Capacity strain -> Hospital Admissions -> Workload -> Medical Error Rate (Care Quality) -> Discharge Planning Quality -> Average LOS -> Pressure for Early Discharge -> Clinical Stability -> Premature Discharge Risk -> 30-Day Readmission Rate"",9,""+"""
"Hospital Capacity strain,""30-Day Readmission Rate"",""Hospital Capacity strain -> Hospital Admissions -> Workload -> Medical Error Rate (Care Quality) -> Discharge Planning Quality -> Premature Discharge Risk -> 30-Day Readmission Rate"",6,""-"""
"Hospital Capacity strain,""30-Day Readmission Rate"",""Hospital Capacity strain -> Hospital Admissions -> Workload -> Medical Error Rate (Care Quality) -> Discharge Planning Quality -> Continuity of Care -> Medication Reconciliation Accuracy -> 30-Day Readmission Rate"",7,""-"""
"Hospital Capacity strain,""30-Day Readmission Rate"",""Hospital Capacity strain -> Hospital Admissions -> Workload -> Medical Error Rate (Care Quality) -> Discharge Planning Quality -> Continuity of Care -> Post-Discharge Follow-up Quality -> Early Detection Rate -> 30-Day Readmission Rate"",8,""-"""
"Hospital Capacity strain,""30-Day Readmission Rate"",""Hospital Capacity strain -> Hospital Admissions -> Patients Satisfaction -> Policy Support for Quality -> Funding for Quality Improvement -> Discharge Planning Quality -> Average LOS -> Pressure for Early Discharge -> Post Discharge Care Needs -> Municipal Care Burden/Workload -> Care Gaps -> Post-Discharge Follow-up Quality -> Early Detection Rate -> 30-Day Readmission Rate"",13,""-"""
"Hospital Capacity strain,""30-Day Readmission Rate"",""Hospital Capacity strain -> Hospital Admissions -> Patients Satisfaction -> Policy Support for Quality -> Funding for Quality Improvement -> Discharge Planning Quality -> Average LOS -> Pressure for Early Discharge -> Clinical Stability -> Premature Discharge Risk -> 30-Day Readmission Rate"",10,""-"""
"Hospital Capacity strain,""30-Day Readmission Rate"",""Hospital Capacity strain -> Hospital Admissions -> Patients Satisfaction -> Policy Support for Quality -> Funding for Quality Improvement -> Discharge Planning Quality -> Premature Discharge Risk -> 30-Day Readmission Rate"",7,""+"""
"Hospital Capacity strain,""30-Day Readmission Rate"",""Hospital Capacity strain -> Hospital Admissions -> Patients Satisfaction -> Policy Support for Quality -> Funding for Quality Improvement -> Discharge Planning Quality -> Continuity of Care -> Medication Reconciliation Accuracy -> 30-Day Readmission Rate"",8,""+"""
"Hospital Capacity strain,""30-Day Readmission Rate"",""Hospital Capacity strain -> Hospital Admissions -> Patients Satisfaction -> Policy Support for Quality -> Funding for Quality Improvement -> Discharge Planning Quality -> Continuity of Care -> Post-Discharge Follow-up Quality -> Early Detection Rate -> 30-Day Readmission Rate"",9,""+"""
"Hospital Capacity strain,""30-Day Readmission Rate"",""Hospital Capacity strain -> Hospital Admissions -> Hospital Budget Pressure -> Hospital Efficiency Mandates -> Average LOS -> Hospital Operating Costs -> Pressure for Cost Containment -> Staffing Levels -> Workload -> Medical Error Rate (Care Quality) -> Discharge Planning Quality -> Premature Discharge Risk -> 30-Day Readmission Rate"",12,""+"""
"Hospital Capacity strain,""30-Day Readmission Rate"",""Hospital Capacity strain -> Hospital Admissions -> Hospital Budget Pressure -> Hospital Efficiency Mandates -> Average LOS -> Hospital Operating Costs -> Pressure for Cost Containment -> Staffing Levels -> Workload -> Medical Error Rate (Care Quality) -> Discharge Planning Quality -> Continuity of Care -> Medication Reconciliation Accuracy -> 30-Day Readmission Rate"",13,""+"""
"Hospital Capacity strain,""30-Day Readmission Rate"",""Hospital Capacity strain -> Hospital Admissions -> Hospital Budget Pressure -> Hospital Efficiency Mandates -> Average LOS -> Hospital Operating Costs -> Pressure for Cost Containment -> Staffing Levels -> Workload -> Medical Error Rate (Care Quality) -> Discharge Planning Quality -> Continuity of Care -> Post-Discharge Follow-up Quality -> Early Detection Rate -> 30-Day Readmission Rate"",14,""+"""
"Hospital Capacity strain,""30-Day Readmission Rate"",""Hospital Capacity strain -> Hospital Admissions -> Hospital Budget Pressure -> Hospital Efficiency Mandates -> Average LOS -> Hospital Operating Costs -> Pressure for Cost Containment -> Discharge Planning Quality -> Premature Discharge Risk -> 30-Day Readmission Rate"",9,""+"""
"Hospital Capacity strain,""30-Day Readmission Rate"",""Hospital Capacity strain -> Hospital Admissions -> Hospital Budget Pressure -> Hospital Efficiency Mandates -> Average LOS -> Hospital Operating Costs -> Pressure for Cost Containment -> Discharge Planning Quality -> Continuity of Care -> Medication Reconciliation Accuracy -> 30-Day Readmission Rate"",10,""+"""
"Hospital Capacity strain,""30-Day Readmission Rate"",""Hospital Capacity strain -> Hospital Admissions -> Hospital Budget Pressure -> Hospital Efficiency Mandates -> Average LOS -> Hospital Operating Costs -> Pressure for Cost Containment -> Discharge Planning Quality -> Continuity of Care -> Post-Discharge Follow-up Quality -> Early Detection Rate -> 30-Day Readmission Rate"",11,""+"""
"Hospital Capacity strain,""30-Day Readmission Rate"",""Hospital Capacity strain -> Hospital Admissions -> Hospital Budget Pressure -> Hospital Efficiency Mandates -> Average LOS -> Discharge Planning Quality -> Premature Discharge Risk -> 30-Day Readmission Rate"",7,""-"""
"Hospital Capacity strain,""30-Day Readmission Rate"",""Hospital Capacity strain -> Hospital Admissions -> Hospital Budget Pressure -> Hospital Efficiency Mandates -> Average LOS -> Discharge Planning Quality -> Continuity of Care -> Medication Reconciliation Accuracy -> 30-Day Readmission Rate"",8,""-"""
"Hospital Capacity strain,""30-Day Readmission Rate"",""Hospital Capacity strain -> Hospital Admissions -> Hospital Budget Pressure -> Hospital Efficiency Mandates -> Average LOS -> Discharge Planning Quality -> Continuity of Care -> Post-Discharge Follow-up Quality -> Early Detection Rate -> 30-Day Readmission Rate"",9,""-"""
"Hospital Capacity strain,""30-Day Readmission Rate"",""Hospital Capacity strain -> Hospital Admissions -> Hospital Budget Pressure -> Hospital Efficiency Mandates -> Average LOS -> Pressure for Early Discharge -> Post Discharge Care Needs -> Municipal Care Burden/Workload -> Care Gaps -> Post-Discharge Follow-up Quality -> Early Detection Rate -> 30-Day Readmission Rate"",11,""-"""
"Hospital Capacity strain,""30-Day Readmission Rate"",""Hospital Capacity strain -> Hospital Admissions -> Hospital Budget Pressure -> Hospital Efficiency Mandates -> Average LOS -> Pressure for Early Discharge -> Clinical Stability -> Premature Discharge Risk -> 30-Day Readmission Rate"",8,""-"""
"Hospital Capacity strain,""30-Day Readmission Rate"",""Hospital Capacity strain -> Hospital Admissions -> Hospital Budget Pressure -> Pressure for Cost Containment -> Average LOS -> Discharge Planning Quality -> Premature Discharge Risk -> 30-Day Readmission Rate"",7,""-"""
"Hospital Capacity strain,""30-Day Readmission Rate"",""Hospital Capacity strain -> Hospital Admissions -> Hospital Budget Pressure -> Pressure for Cost Containment -> Average LOS -> Discharge Planning Quality -> Continuity of Care -> Medication Reconciliation Accuracy -> 30-Day Readmission Rate"",8,""-"""
"Hospital Capacity strain,""30-Day Readmission Rate"",""Hospital Capacity strain -> Hospital Admissions -> Hospital Budget Pressure -> Pressure for Cost Containment -> Average LOS -> Discharge Planning Quality -> Continuity of Care -> Post-Discharge Follow-up Quality -> Early Detection Rate -> 30-Day Readmission Rate"",9,""-"""
"Hospital Capacity strain,""30-Day Readmission Rate"",""Hospital Capacity strain -> Hospital Admissions -> Hospital Budget Pressure -> Pressure for Cost Containment -> Average LOS -> Pressure for Early Discharge -> Post Discharge Care Needs -> Municipal Care Burden/Workload -> Care Gaps -> Post-Discharge Follow-up Quality -> Early Detection Rate -> 30-Day Readmission Rate"",11,""-"""
"Hospital Capacity strain,""30-Day Readmission Rate"",""Hospital Capacity strain -> Hospital Admissions -> Hospital Budget Pressure -> Pressure for Cost Containment -> Average LOS -> Pressure for Early Discharge -> Clinical Stability -> Premature Discharge Risk -> 30-Day Readmission Rate"",8,""-"""
"Hospital Capacity strain,""30-Day Readmission Rate"",""Hospital Capacity strain -> Hospital Admissions -> Hospital Budget Pressure -> Pressure for Cost Containment -> Staffing Levels -> Workload -> Medical Error Rate (Care Quality) -> Discharge Planning Quality -> Average LOS -> Pressure for Early Discharge -> Post Discharge Care Needs -> Municipal Care Burden/Workload -> Care Gaps -> Post-Discharge Follow-up Quality -> Early Detection Rate -> 30-Day Readmission Rate"",15,""+"""
"Hospital Capacity strain,""30-Day Readmission Rate"",""Hospital Capacity strain -> Hospital Admissions -> Hospital Budget Pressure -> Pressure for Cost Containment -> Staffing Levels -> Workload -> Medical Error Rate (Care Quality) -> Discharge Planning Quality -> Average LOS -> Pressure for Early Discharge -> Clinical Stability -> Premature Discharge Risk -> 30-Day Readmission Rate"",12,""+"""
"Hospital Capacity strain,""30-Day Readmission Rate"",""Hospital Capacity strain -> Hospital Admissions -> Hospital Budget Pressure -> Pressure for Cost Containment -> Staffing Levels -> Workload -> Medical Error Rate (Care Quality) -> Discharge Planning Quality -> Premature Discharge Risk -> 30-Day Readmission Rate"",9,""-"""
"Hospital Capacity strain,""30-Day Readmission Rate"",""Hospital Capacity strain -> Hospital Admissions -> Hospital Budget Pressure -> Pressure for Cost Containment -> Staffing Levels -> Workload -> Medical Error Rate (Care Quality) -> Discharge Planning Quality -> Continuity of Care -> Medication Reconciliation Accuracy -> 30-Day Readmission Rate"",10,""-"""
"Hospital Capacity strain,""30-Day Readmission Rate"",""Hospital Capacity strain -> Hospital Admissions -> Hospital Budget Pressure -> Pressure for Cost Containment -> Staffing Levels -> Workload -> Medical Error Rate (Care Quality) -> Discharge Planning Quality -> Continuity of Care -> Post-Discharge Follow-up Quality -> Early Detection Rate -> 30-Day Readmission Rate"",11,""-"""
"Hospital Capacity strain,""30-Day Readmission Rate"",""Hospital Capacity strain -> Hospital Admissions -> Hospital Budget Pressure -> Pressure for Cost Containment -> Discharge Planning Quality -> Average LOS -> Pressure for Early Discharge -> Post Discharge Care Needs -> Municipal Care Burden/Workload -> Care Gaps -> Post-Discharge Follow-up Quality -> Early Detection Rate -> 30-Day Readmission Rate"",12,""+"""
"Hospital Capacity strain,""30-Day Readmission Rate"",""Hospital Capacity strain -> Hospital Admissions -> Hospital Budget Pressure -> Pressure for Cost Containment -> Discharge Planning Quality -> Average LOS -> Pressure for Early Discharge -> Clinical Stability -> Premature Discharge Risk -> 30-Day Readmission Rate"",9,""+"""
"Hospital Capacity strain,""30-Day Readmission Rate"",""Hospital Capacity strain -> Hospital Admissions -> Hospital Budget Pressure -> Pressure for Cost Containment -> Discharge Planning Quality -> Premature Discharge Risk -> 30-Day Readmission Rate"",6,""-"""
"Hospital Capacity strain,""30-Day Readmission Rate"",""Hospital Capacity strain -> Hospital Admissions -> Hospital Budget Pressure -> Pressure for Cost Containment -> Discharge Planning Quality -> Continuity of Care -> Medication Reconciliation Accuracy -> 30-Day Readmission Rate"",7,""-"""
"Hospital Capacity strain,""30-Day Readmission Rate"",""Hospital Capacity strain -> Hospital Admissions -> Hospital Budget Pressure -> Pressure for Cost Containment -> Discharge Planning Quality -> Continuity of Care -> Post-Discharge Follow-up Quality -> Early Detection Rate -> 30-Day Readmission Rate"",8,""-"""
"Hospital Capacity strain,""30-Day Readmission Rate"",""Hospital Capacity strain -> Pressure for Early Discharge -> Post Discharge Care Needs -> Municipal Care Burden/Workload -> Care Gaps -> Post-Discharge Follow-up Quality -> Early Detection Rate -> 30-Day Readmission Rate"",7,""+"""
"Hospital Capacity strain,""30-Day Readmission Rate"",""Hospital Capacity strain -> Pressure for Early Discharge -> Clinical Stability -> Premature Discharge Risk -> 30-Day Readmission Rate"",4,""+"""
"Hospital Efficiency Mandates,""30-Day Readmission Rate"",""Hospital Efficiency Mandates -> Average LOS -> Hospital Operating Costs -> Pressure for Cost Containment -> Staffing Levels -> Workload -> Medical Error Rate (Care Quality) -> Discharge Planning Quality -> Premature Discharge Risk -> 30-Day Readmission Rate"",9,""-"""
"Hospital Efficiency Mandates,""30-Day Readmission Rate"",""Hospital Efficiency Mandates -> Average LOS -> Hospital Operating Costs -> Pressure for Cost Containment -> Staffing Levels -> Workload -> Medical Error Rate (Care Quality) -> Discharge Planning Quality -> Continuity of Care -> Medication Reconciliation Accuracy -> 30-Day Readmission Rate"",10,""-"""
"Hospital Efficiency Mandates,""30-Day Readmission Rate"",""Hospital Efficiency Mandates -> Average LOS -> Hospital Operating Costs -> Pressure for Cost Containment -> Staffing Levels -> Workload -> Medical Error Rate (Care Quality) -> Discharge Planning Quality -> Continuity of Care -> Post-Discharge Follow-up Quality -> Early Detection Rate -> 30-Day Readmission Rate"",11,""-"""
"Hospital Efficiency Mandates,""30-Day Readmission Rate"",""Hospital Efficiency Mandates -> Average LOS -> Hospital Operating Costs -> Pressure for Cost Containment -> Discharge Planning Quality -> Premature Discharge Risk -> 30-Day Readmission Rate"",6,""-"""
"Hospital Efficiency Mandates,""30-Day Readmission Rate"",""Hospital Efficiency Mandates -> Average LOS -> Hospital Operating Costs -> Pressure for Cost Containment -> Discharge Planning Quality -> Continuity of Care -> Medication Reconciliation Accuracy -> 30-Day Readmission Rate"",7,""-"""
"Hospital Efficiency Mandates,""30-Day Readmission Rate"",""Hospital Efficiency Mandates -> Average LOS -> Hospital Operating Costs -> Pressure for Cost Containment -> Discharge Planning Quality -> Continuity of Care -> Post-Discharge Follow-up Quality -> Early Detection Rate -> 30-Day Readmission Rate"",8,""-"""
"Hospital Efficiency Mandates,""30-Day Readmission Rate"",""Hospital Efficiency Mandates -> Average LOS -> Hospital Operating Costs -> Hospital Budget Pressure -> Pressure for Cost Containment -> Staffing Levels -> Workload -> Medical Error Rate (Care Quality) -> Discharge Planning Quality -> Premature Discharge Risk -> 30-Day Readmission Rate"",10,""-"""
"Hospital Efficiency Mandates,""30-Day Readmission Rate"",""Hospital Efficiency Mandates -> Average LOS -> Hospital Operating Costs -> Hospital Budget Pressure -> Pressure for Cost Containment -> Staffing Levels -> Workload -> Medical Error Rate (Care Quality) -> Discharge Planning Quality -> Continuity of Care -> Medication Reconciliation Accuracy -> 30-Day Readmission Rate"",11,""-"""
"Hospital Efficiency Mandates,""30-Day Readmission Rate"",""Hospital Efficiency Mandates -> Average LOS -> Hospital Operating Costs -> Hospital Budget Pressure -> Pressure for Cost Containment -> Staffing Levels -> Workload -> Medical Error Rate (Care Quality) -> Discharge Planning Quality -> Continuity of Care -> Post-Discharge Follow-up Quality -> Early Detection Rate -> 30-Day Readmission Rate"",12,""-"""
"Hospital Efficiency Mandates,""30-Day Readmission Rate"",""Hospital Efficiency Mandates -> Average LOS -> Hospital Operating Costs -> Hospital Budget Pressure -> Pressure for Cost Containment -> Discharge Planning Quality -> Premature Discharge Risk -> 30-Day Readmission Rate"",7,""-"""
"Hospital Efficiency Mandates,""30-Day Readmission Rate"",""Hospital Efficiency Mandates -> Average LOS -> Hospital Operating Costs -> Hospital Budget Pressure -> Pressure for Cost Containment -> Discharge Planning Quality -> Continuity of Care -> Medication Reconciliation Accuracy -> 30-Day Readmission Rate"",8,""-"""
"Hospital Efficiency Mandates,""30-Day Readmission Rate"",""Hospital Efficiency Mandates -> Average LOS -> Hospital Operating Costs -> Hospital Budget Pressure -> Pressure for Cost Containment -> Discharge Planning Quality -> Continuity of Care -> Post-Discharge Follow-up Quality -> Early Detection Rate -> 30-Day Readmission Rate"",9,""-"""
"Hospital Efficiency Mandates,""30-Day Readmission Rate"",""Hospital Efficiency Mandates -> Average LOS -> Discharge Planning Quality -> Premature Discharge Risk -> 30-Day Readmission Rate"",4,""+"""
"Hospital Efficiency Mandates,""30-Day Readmission Rate"",""Hospital Efficiency Mandates -> Average LOS -> Discharge Planning Quality -> Continuity of Care -> Medication Reconciliation Accuracy -> 30-Day Readmission Rate"",5,""+"""
"Hospital Efficiency Mandates,""30-Day Readmission Rate"",""Hospital Efficiency Mandates -> Average LOS -> Discharge Planning Quality -> Continuity of Care -> Post-Discharge Follow-up Quality -> Early Detection Rate -> 30-Day Readmission Rate"",6,""+"""
"Hospital Efficiency Mandates,""30-Day Readmission Rate"",""Hospital Efficiency Mandates -> Average LOS -> Pressure for Early Discharge -> Post Discharge Care Needs -> Municipal Care Burden/Workload -> Care Gaps -> Post-Discharge Follow-up Quality -> Early Detection Rate -> 30-Day Readmission Rate"",8,""+"""
"Hospital Efficiency Mandates,""30-Day Readmission Rate"",""Hospital Efficiency Mandates -> Average LOS -> Pressure for Early Discharge -> Clinical Stability -> Premature Discharge Risk -> 30-Day Readmission Rate"",5,""+"""
"Hospital Operating Costs,""30-Day Readmission Rate"",""Hospital Operating Costs -> Hospital Efficiency Mandates -> Average LOS -> Discharge Planning Quality -> Premature Discharge Risk -> 30-Day Readmission Rate"",5,""+"""
"Hospital Operating Costs,""30-Day Readmission Rate"",""Hospital Operating Costs -> Hospital Efficiency Mandates -> Average LOS -> Discharge Planning Quality -> Continuity of Care -> Medication Reconciliation Accuracy -> 30-Day Readmission Rate"",6,""+"""
"Hospital Operating Costs,""30-Day Readmission Rate"",""Hospital Operating Costs -> Hospital Efficiency Mandates -> Average LOS -> Discharge Planning Quality -> Continuity of Care -> Post-Discharge Follow-up Quality -> Early Detection Rate -> 30-Day Readmission Rate"",7,""+"""
"Hospital Operating Costs,""30-Day Readmission Rate"",""Hospital Operating Costs -> Hospital Efficiency Mandates -> Average LOS -> Pressure for Early Discharge -> Post Discharge Care Needs -> Municipal Care Burden/Workload -> Care Gaps -> Post-Discharge Follow-up Quality -> Early Detection Rate -> 30-Day Readmission Rate"",9,""+"""
"Hospital Operating Costs,""30-Day Readmission Rate"",""Hospital Operating Costs -> Hospital Efficiency Mandates -> Average LOS -> Pressure for Early Discharge -> Clinical Stability -> Premature Discharge Risk -> 30-Day Readmission Rate"",6,""+"""
"Hospital Operating Costs,""30-Day Readmission Rate"",""Hospital Operating Costs -> Pressure for Cost Containment -> Average LOS -> Discharge Planning Quality -> Premature Discharge Risk -> 30-Day Readmission Rate"",5,""+"""
"Hospital Operating Costs,""30-Day Readmission Rate"",""Hospital Operating Costs -> Pressure for Cost Containment -> Average LOS -> Discharge Planning Quality -> Continuity of Care -> Medication Reconciliation Accuracy -> 30-Day Readmission Rate"",6,""+"""
"Hospital Operating Costs,""30-Day Readmission Rate"",""Hospital Operating Costs -> Pressure for Cost Containment -> Average LOS -> Discharge Planning Quality -> Continuity of Care -> Post-Discharge Follow-up Quality -> Early Detection Rate -> 30-Day Readmission Rate"",7,""+"""
"Hospital Operating Costs,""30-Day Readmission Rate"",""Hospital Operating Costs -> Pressure for Cost Containment -> Average LOS -> Pressure for Early Discharge -> Post Discharge Care Needs -> Municipal Care Burden/Workload -> Care Gaps -> Post-Discharge Follow-up Quality -> Early Detection Rate -> 30-Day Readmission Rate"",9,""+"""
"Hospital Operating Costs,""30-Day Readmission Rate"",""Hospital Operating Costs -> Pressure for Cost Containment -> Average LOS -> Pressure for Early Discharge -> Clinical Stability -> Premature Discharge Risk -> 30-Day Readmission Rate"",6,""+"""
"Hospital Operating Costs,""30-Day Readmission Rate"",""Hospital Operating Costs -> Pressure for Cost Containment -> Staffing Levels -> Workload -> Medical Error Rate (Care Quality) -> Discharge Planning Quality -> Average LOS -> Pressure for Early Discharge -> Post Discharge Care Needs -> Municipal Care Burden/Workload -> Care Gaps -> Post-Discharge Follow-up Quality -> Early Detection Rate -> 30-Day Readmission Rate"",13,""-"""
"Hospital Operating Costs,""30-Day Readmission Rate"",""Hospital Operating Costs -> Pressure for Cost Containment -> Staffing Levels -> Workload -> Medical Error Rate (Care Quality) -> Discharge Planning Quality -> Average LOS -> Pressure for Early Discharge -> Clinical Stability -> Premature Discharge Risk -> 30-Day Readmission Rate"",10,""-"""
"Hospital Operating Costs,""30-Day Readmission Rate"",""Hospital Operating Costs -> Pressure for Cost Containment -> Staffing Levels -> Workload -> Medical Error Rate (Care Quality) -> Discharge Planning Quality -> Premature Discharge Risk -> 30-Day Readmission Rate"",7,""+"""
"Hospital Operating Costs,""30-Day Readmission Rate"",""Hospital Operating Costs -> Pressure for Cost Containment -> Staffing Levels -> Workload -> Medical Error Rate (Care Quality) -> Discharge Planning Quality -> Continuity of Care -> Medication Reconciliation Accuracy -> 30-Day Readmission Rate"",8,""+"""
"Hospital Operating Costs,""30-Day Readmission Rate"",""Hospital Operating Costs -> Pressure for Cost Containment -> Staffing Levels -> Workload -> Medical Error Rate (Care Quality) -> Discharge Planning Quality -> Continuity of Care -> Post-Discharge Follow-up Quality -> Early Detection Rate -> 30-Day Readmission Rate"",9,""+"""
"Hospital Operating Costs,""30-Day Readmission Rate"",""Hospital Operating Costs -> Pressure for Cost Containment -> Discharge Planning Quality -> Average LOS -> Pressure for Early Discharge -> Post Discharge Care Needs -> Municipal Care Burden/Workload -> Care Gaps -> Post-Discharge Follow-up Quality -> Early Detection Rate -> 30-Day Readmission Rate"",10,""-"""
"Hospital Operating Costs,""30-Day Readmission Rate"",""Hospital Operating Costs -> Pressure for Cost Containment -> Discharge Planning Quality -> Average LOS -> Pressure for Early Discharge -> Clinical Stability -> Premature Discharge Risk -> 30-Day Readmission Rate"",7,""-"""
"Hospital Operating Costs,""30-Day Readmission Rate"",""Hospital Operating Costs -> Pressure for Cost Containment -> Discharge Planning Quality -> Premature Discharge Risk -> 30-Day Readmission Rate"",4,""+"""
"Hospital Operating Costs,""30-Day Readmission Rate"",""Hospital Operating Costs -> Pressure for Cost Containment -> Discharge Planning Quality -> Continuity of Care -> Medication Reconciliation Accuracy -> 30-Day Readmission Rate"",5,""+"""
"Hospital Operating Costs,""30-Day Readmission Rate"",""Hospital Operating Costs -> Pressure for Cost Containment -> Discharge Planning Quality -> Continuity of Care -> Post-Discharge Follow-up Quality -> Early Detection Rate -> 30-Day Readmission Rate"",6,""+"""
"Hospital Operating Costs,""30-Day Readmission Rate"",""Hospital Operating Costs -> Hospital Budget Pressure -> Hospital Efficiency Mandates -> Average LOS -> Discharge Planning Quality -> Premature Discharge Risk -> 30-Day Readmission Rate"",6,""+"""
"Hospital Operating Costs,""30-Day Readmission Rate"",""Hospital Operating Costs -> Hospital Budget Pressure -> Hospital Efficiency Mandates -> Average LOS -> Discharge Planning Quality -> Continuity of Care -> Medication Reconciliation Accuracy -> 30-Day Readmission Rate"",7,""+"""
"Hospital Operating Costs,""30-Day Readmission Rate"",""Hospital Operating Costs -> Hospital Budget Pressure -> Hospital Efficiency Mandates -> Average LOS -> Discharge Planning Quality -> Continuity of Care -> Post-Discharge Follow-up Quality -> Early Detection Rate -> 30-Day Readmission Rate"",8,""+"""
"Hospital Operating Costs,""30-Day Readmission Rate"",""Hospital Operating Costs -> Hospital Budget Pressure -> Hospital Efficiency Mandates -> Average LOS -> Pressure for Early Discharge -> Post Discharge Care Needs -> Municipal Care Burden/Workload -> Care Gaps -> Post-Discharge Follow-up Quality -> Early Detection Rate -> 30-Day Readmission Rate"",10,""+"""
"Hospital Operating Costs,""30-Day Readmission Rate"",""Hospital Operating Costs -> Hospital Budget Pressure -> Hospital Efficiency Mandates -> Average LOS -> Pressure for Early Discharge -> Clinical Stability -> Premature Discharge Risk -> 30-Day Readmission Rate"",7,""+"""
"Hospital Operating Costs,""30-Day Readmission Rate"",""Hospital Operating Costs -> Hospital Budget Pressure -> Pressure for Cost Containment -> Average LOS -> Discharge Planning Quality -> Premature Discharge Risk -> 30-Day Readmission Rate"",6,""+"""
"Hospital Operating Costs,""30-Day Readmission Rate"",""Hospital Operating Costs -> Hospital Budget Pressure -> Pressure for Cost Containment -> Average LOS -> Discharge Planning Quality -> Continuity of Care -> Medication Reconciliation Accuracy -> 30-Day Readmission Rate"",7,""+"""
"Hospital Operating Costs,""30-Day Readmission Rate"",""Hospital Operating Costs -> Hospital Budget Pressure -> Pressure for Cost Containment -> Average LOS -> Discharge Planning Quality -> Continuity of Care -> Post-Discharge Follow-up Quality -> Early Detection Rate -> 30-Day Readmission Rate"",8,""+"""
"Hospital Operating Costs,""30-Day Readmission Rate"",""Hospital Operating Costs -> Hospital Budget Pressure -> Pressure for Cost Containment -> Average LOS -> Pressure for Early Discharge -> Post Discharge Care Needs -> Municipal Care Burden/Workload -> Care Gaps -> Post-Discharge Follow-up Quality -> Early Detection Rate -> 30-Day Readmission Rate"",10,""+"""
"Hospital Operating Costs,""30-Day Readmission Rate"",""Hospital Operating Costs -> Hospital Budget Pressure -> Pressure for Cost Containment -> Average LOS -> Pressure for Early Discharge -> Clinical Stability -> Premature Discharge Risk -> 30-Day Readmission Rate"",7,""+"""
"Hospital Operating Costs,""30-Day Readmission Rate"",""Hospital Operating Costs -> Hospital Budget Pressure -> Pressure for Cost Containment -> Staffing Levels -> Workload -> Medical Error Rate (Care Quality) -> Discharge Planning Quality -> Average LOS -> Pressure for Early Discharge -> Post Discharge Care Needs -> Municipal Care Burden/Workload -> Care Gaps -> Post-Discharge Follow-up Quality -> Early Detection Rate -> 30-Day Readmission Rate"",14,""-"""
"Hospital Operating Costs,""30-Day Readmission Rate"",""Hospital Operating Costs -> Hospital Budget Pressure -> Pressure for Cost Containment -> Staffing Levels -> Workload -> Medical Error Rate (Care Quality) -> Discharge Planning Quality -> Average LOS -> Pressure for Early Discharge -> Clinical Stability -> Premature Discharge Risk -> 30-Day Readmission Rate"",11,""-"""
"Hospital Operating Costs,""30-Day Readmission Rate"",""Hospital Operating Costs -> Hospital Budget Pressure -> Pressure for Cost Containment -> Staffing Levels -> Workload -> Medical Error Rate (Care Quality) -> Discharge Planning Quality -> Premature Discharge Risk -> 30-Day Readmission Rate"",8,""+"""
"Hospital Operating Costs,""30-Day Readmission Rate"",""Hospital Operating Costs -> Hospital Budget Pressure -> Pressure for Cost Containment -> Staffing Levels -> Workload -> Medical Error Rate (Care Quality) -> Discharge Planning Quality -> Continuity of Care -> Medication Reconciliation Accuracy -> 30-Day Readmission Rate"",9,""+"""
"Hospital Operating Costs,""30-Day Readmission Rate"",""Hospital Operating Costs -> Hospital Budget Pressure -> Pressure for Cost Containment -> Staffing Levels -> Workload -> Medical Error Rate (Care Quality) -> Discharge Planning Quality -> Continuity of Care -> Post-Discharge Follow-up Quality -> Early Detection Rate -> 30-Day Readmission Rate"",10,""+"""
"Hospital Operating Costs,""30-Day Readmission Rate"",""Hospital Operating Costs -> Hospital Budget Pressure -> Pressure for Cost Containment -> Discharge Planning Quality -> Average LOS -> Pressure for Early Discharge -> Post Discharge Care Needs -> Municipal Care Burden/Workload -> Care Gaps -> Post-Discharge Follow-up Quality -> Early Detection Rate -> 30-Day Readmission Rate"",11,""-"""
"Hospital Operating Costs,""30-Day Readmission Rate"",""Hospital Operating Costs -> Hospital Budget Pressure -> Pressure for Cost Containment -> Discharge Planning Quality -> Average LOS -> Pressure for Early Discharge -> Clinical Stability -> Premature Discharge Risk -> 30-Day Readmission Rate"",8,""-"""
"Hospital Operating Costs,""30-Day Readmission Rate"",""Hospital Operating Costs -> Hospital Budget Pressure -> Pressure for Cost Containment -> Discharge Planning Quality -> Premature Discharge Risk -> 30-Day Readmission Rate"",5,""+"""
"Hospital Operating Costs,""30-Day Readmission Rate"",""Hospital Operating Costs -> Hospital Budget Pressure -> Pressure for Cost Containment -> Discharge Planning Quality -> Continuity of Care -> Medication Reconciliation Accuracy -> 30-Day Readmission Rate"",6,""+"""
"Hospital Operating Costs,""30-Day Readmission Rate"",""Hospital Operating Costs -> Hospital Budget Pressure -> Pressure for Cost Containment -> Discharge Planning Quality -> Continuity of Care -> Post-Discharge Follow-up Quality -> Early Detection Rate -> 30-Day Readmission Rate"",7,""+"""
"Medical Error Rate (Care Quality),""30-Day Readmission Rate"",""Medical Error Rate (Care Quality) -> Discharge Planning Quality -> Average LOS -> Pressure for Early Discharge -> Post Discharge Care Needs -> Municipal Care Burden/Workload -> Care Gaps -> Post-Discharge Follow-up Quality -> Early Detection Rate -> 30-Day Readmission Rate"",9,""-"""
"Medical Error Rate (Care Quality),""30-Day Readmission Rate"",""Medical Error Rate (Care Quality) -> Discharge Planning Quality -> Average LOS -> Pressure for Early Discharge -> Clinical Stability -> Premature Discharge Risk -> 30-Day Readmission Rate"",6,""-"""
"Medical Error Rate (Care Quality),""30-Day Readmission Rate"",""Medical Error Rate (Care Quality) -> Discharge Planning Quality -> Premature Discharge Risk -> 30-Day Readmission Rate"",3,""+"""
"Medical Error Rate (Care Quality),""30-Day Readmission Rate"",""Medical Error Rate (Care Quality) -> Discharge Planning Quality -> Continuity of Care -> Medication Reconciliation Accuracy -> 30-Day Readmission Rate"",4,""+"""
"Medical Error Rate (Care Quality),""30-Day Readmission Rate"",""Medical Error Rate (Care Quality) -> Discharge Planning Quality -> Continuity of Care -> Post-Discharge Follow-up Quality -> Early Detection Rate -> 30-Day Readmission Rate"",5,""+"""
"Medication Adherence,""30-Day Readmission Rate"",""Medication Adherence -> Complications -> 30-Day Readmission Rate"",2,""-"""
"Medication Reconciliation Accuracy,""30-Day Readmission Rate"",""Medication Reconciliation Accuracy -> 30-Day Readmission Rate"",1,""-"""
"Municipal Care Burden/Workload,""30-Day Readmission Rate"",""Municipal Care Burden/Workload -> Care Gaps -> Post-Discharge Follow-up Quality -> Early Detection Rate -> 30-Day Readmission Rate"",4,""+"""
"Municipal Investment,""30-Day Readmission Rate"",""Municipal Investment -> Access to Primary/Outpatient Care -> Post-Discharge Follow-up Quality -> Early Detection Rate -> 30-Day Readmission Rate"",4,""-"""
"Net Migration Inflow,""30-Day Readmission Rate"",""Net Migration Inflow -> Population Growth Rate -> Hospital Admissions -> Hospital Operating Costs -> Hospital Efficiency Mandates -> Average LOS -> Discharge Planning Quality -> Premature Discharge Risk -> 30-Day Readmission Rate"",8,""+"""
"Net Migration Inflow,""30-Day Readmission Rate"",""Net Migration Inflow -> Population Growth Rate -> Hospital Admissions -> Hospital Operating Costs -> Hospital Efficiency Mandates -> Average LOS -> Discharge Planning Quality -> Continuity of Care -> Medication Reconciliation Accuracy -> 30-Day Readmission Rate"",9,""+"""
"Net Migration Inflow,""30-Day Readmission Rate"",""Net Migration Inflow -> Population Growth Rate -> Hospital Admissions -> Hospital Operating Costs -> Hospital Efficiency Mandates -> Average LOS -> Discharge Planning Quality -> Continuity of Care -> Post-Discharge Follow-up Quality -> Early Detection Rate -> 30-Day Readmission Rate"",10,""+"""
"Net Migration Inflow,""30-Day Readmission Rate"",""Net Migration Inflow -> Population Growth Rate -> Hospital Admissions -> Hospital Operating Costs -> Hospital Efficiency Mandates -> Average LOS -> Pressure for Early Discharge -> Post Discharge Care Needs -> Municipal Care Burden/Workload -> Care Gaps -> Post-Discharge Follow-up Quality -> Early Detection Rate -> 30-Day Readmission Rate"",12,""+"""
"Net Migration Inflow,""30-Day Readmission Rate"",""Net Migration Inflow -> Population Growth Rate -> Hospital Admissions -> Hospital Operating Costs -> Hospital Efficiency Mandates -> Average LOS -> Pressure for Early Discharge -> Clinical Stability -> Premature Discharge Risk -> 30-Day Readmission Rate"",9,""+"""
"Net Migration Inflow,""30-Day Readmission Rate"",""Net Migration Inflow -> Population Growth Rate -> Hospital Admissions -> Hospital Operating Costs -> Pressure for Cost Containment -> Average LOS -> Discharge Planning Quality -> Premature Discharge Risk -> 30-Day Readmission Rate"",8,""+"""
"Net Migration Inflow,""30-Day Readmission Rate"",""Net Migration Inflow -> Population Growth Rate -> Hospital Admissions -> Hospital Operating Costs -> Pressure for Cost Containment -> Average LOS -> Discharge Planning Quality -> Continuity of Care -> Medication Reconciliation Accuracy -> 30-Day Readmission Rate"",9,""+"""
"Net Migration Inflow,""30-Day Readmission Rate"",""Net Migration Inflow -> Population Growth Rate -> Hospital Admissions -> Hospital Operating Costs -> Pressure for Cost Containment -> Average LOS -> Discharge Planning Quality -> Continuity of Care -> Post-Discharge Follow-up Quality -> Early Detection Rate -> 30-Day Readmission Rate"",10,""+"""
"Net Migration Inflow,""30-Day Readmission Rate"",""Net Migration Inflow -> Population Growth Rate -> Hospital Admissions -> Hospital Operating Costs -> Pressure for Cost Containment -> Average LOS -> Pressure for Early Discharge -> Post Discharge Care Needs -> Municipal Care Burden/Workload -> Care Gaps -> Post-Discharge Follow-up Quality -> Early Detection Rate -> 30-Day Readmission Rate"",12,""+"""
"Net Migration Inflow,""30-Day Readmission Rate"",""Net Migration Inflow -> Population Growth Rate -> Hospital Admissions -> Hospital Operating Costs -> Pressure for Cost Containment -> Average LOS -> Pressure for Early Discharge -> Clinical Stability -> Premature Discharge Risk -> 30-Day Readmission Rate"",9,""+"""
"Net Migration Inflow,""30-Day Readmission Rate"",""Net Migration Inflow -> Population Growth Rate -> Hospital Admissions -> Hospital Operating Costs -> Pressure for Cost Containment -> Staffing Levels -> Workload -> Medical Error Rate (Care Quality) -> Discharge Planning Quality -> Average LOS -> Pressure for Early Discharge -> Post Discharge Care Needs -> Municipal Care Burden/Workload -> Care Gaps -> Post-Discharge Follow-up Quality -> Early Detection Rate -> 30-Day Readmission Rate"",16,""-"""
"Net Migration Inflow,""30-Day Readmission Rate"",""Net Migration Inflow -> Population Growth Rate -> Hospital Admissions -> Hospital Operating Costs -> Pressure for Cost Containment -> Staffing Levels -> Workload -> Medical Error Rate (Care Quality) -> Discharge Planning Quality -> Average LOS -> Pressure for Early Discharge -> Clinical Stability -> Premature Discharge Risk -> 30-Day Readmission Rate"",13,""-"""
"Net Migration Inflow,""30-Day Readmission Rate"",""Net Migration Inflow -> Population Growth Rate -> Hospital Admissions -> Hospital Operating Costs -> Pressure for Cost Containment -> Staffing Levels -> Workload -> Medical Error Rate (Care Quality) -> Discharge Planning Quality -> Premature Discharge Risk -> 30-Day Readmission Rate"",10,""+"""
"Net Migration Inflow,""30-Day Readmission Rate"",""Net Migration Inflow -> Population Growth Rate -> Hospital Admissions -> Hospital Operating Costs -> Pressure for Cost Containment -> Staffing Levels -> Workload -> Medical Error Rate (Care Quality) -> Discharge Planning Quality -> Continuity of Care -> Medication Reconciliation Accuracy -> 30-Day Readmission Rate"",11,""+"""
"Net Migration Inflow,""30-Day Readmission Rate"",""Net Migration Inflow -> Population Growth Rate -> Hospital Admissions -> Hospital Operating Costs -> Pressure for Cost Containment -> Staffing Levels -> Workload -> Medical Error Rate (Care Quality) -> Discharge Planning Quality -> Continuity of Care -> Post-Discharge Follow-up Quality -> Early Detection Rate -> 30-Day Readmission Rate"",12,""+"""
"Net Migration Inflow,""30-Day Readmission Rate"",""Net Migration Inflow -> Population Growth Rate -> Hospital Admissions -> Hospital Operating Costs -> Pressure for Cost Containment -> Discharge Planning Quality -> Average LOS -> Pressure for Early Discharge -> Post Discharge Care Needs -> Municipal Care Burden/Workload -> Care Gaps -> Post-Discharge Follow-up Quality -> Early Detection Rate -> 30-Day Readmission Rate"",13,""-"""
"Net Migration Inflow,""30-Day Readmission Rate"",""Net Migration Inflow -> Population Growth Rate -> Hospital Admissions -> Hospital Operating Costs -> Pressure for Cost Containment -> Discharge Planning Quality -> Average LOS -> Pressure for Early Discharge -> Clinical Stability -> Premature Discharge Risk -> 30-Day Readmission Rate"",10,""-"""
"Net Migration Inflow,""30-Day Readmission Rate"",""Net Migration Inflow -> Population Growth Rate -> Hospital Admissions -> Hospital Operating Costs -> Pressure for Cost Containment -> Discharge Planning Quality -> Premature Discharge Risk -> 30-Day Readmission Rate"",7,""+"""
"Net Migration Inflow,""30-Day Readmission Rate"",""Net Migration Inflow -> Population Growth Rate -> Hospital Admissions -> Hospital Operating Costs -> Pressure for Cost Containment -> Discharge Planning Quality -> Continuity of Care -> Medication Reconciliation Accuracy -> 30-Day Readmission Rate"",8,""+"""
"Net Migration Inflow,""30-Day Readmission Rate"",""Net Migration Inflow -> Population Growth Rate -> Hospital Admissions -> Hospital Operating Costs -> Pressure for Cost Containment -> Discharge Planning Quality -> Continuity of Care -> Post-Discharge Follow-up Quality -> Early Detection Rate -> 30-Day Readmission Rate"",9,""+"""
"Net Migration Inflow,""30-Day Readmission Rate"",""Net Migration Inflow -> Population Growth Rate -> Hospital Admissions -> Hospital Operating Costs -> Hospital Budget Pressure -> Hospital Efficiency Mandates -> Average LOS -> Discharge Planning Quality -> Premature Discharge Risk -> 30-Day Readmission Rate"",9,""+"""
"Net Migration Inflow,""30-Day Readmission Rate"",""Net Migration Inflow -> Population Growth Rate -> Hospital Admissions -> Hospital Operating Costs -> Hospital Budget Pressure -> Hospital Efficiency Mandates -> Average LOS -> Discharge Planning Quality -> Continuity of Care -> Medication Reconciliation Accuracy -> 30-Day Readmission Rate"",10,""+"""
"Net Migration Inflow,""30-Day Readmission Rate"",""Net Migration Inflow -> Population Growth Rate -> Hospital Admissions -> Hospital Operating Costs -> Hospital Budget Pressure -> Hospital Efficiency Mandates -> Average LOS -> Discharge Planning Quality -> Continuity of Care -> Post-Discharge Follow-up Quality -> Early Detection Rate -> 30-Day Readmission Rate"",11,""+"""
"Net Migration Inflow,""30-Day Readmission Rate"",""Net Migration Inflow -> Population Growth Rate -> Hospital Admissions -> Hospital Operating Costs -> Hospital Budget Pressure -> Hospital Efficiency Mandates -> Average LOS -> Pressure for Early Discharge -> Post Discharge Care Needs -> Municipal Care Burden/Workload -> Care Gaps -> Post-Discharge Follow-up Quality -> Early Detection Rate -> 30-Day Readmission Rate"",13,""+"""
"Net Migration Inflow,""30-Day Readmission Rate"",""Net Migration Inflow -> Population Growth Rate -> Hospital Admissions -> Hospital Operating Costs -> Hospital Budget Pressure -> Hospital Efficiency Mandates -> Average LOS -> Pressure for Early Discharge -> Clinical Stability -> Premature Discharge Risk -> 30-Day Readmission Rate"",10,""+"""
"Net Migration Inflow,""30-Day Readmission Rate"",""Net Migration Inflow -> Population Growth Rate -> Hospital Admissions -> Hospital Operating Costs -> Hospital Budget Pressure -> Pressure for Cost Containment -> Average LOS -> Discharge Planning Quality -> Premature Discharge Risk -> 30-Day Readmission Rate"",9,""+"""
"Net Migration Inflow,""30-Day Readmission Rate"",""Net Migration Inflow -> Population Growth Rate -> Hospital Admissions -> Hospital Operating Costs -> Hospital Budget Pressure -> Pressure for Cost Containment -> Average LOS -> Discharge Planning Quality -> Continuity of Care -> Medication Reconciliation Accuracy -> 30-Day Readmission Rate"",10,""+"""
"Net Migration Inflow,""30-Day Readmission Rate"",""Net Migration Inflow -> Population Growth Rate -> Hospital Admissions -> Hospital Operating Costs -> Hospital Budget Pressure -> Pressure for Cost Containment -> Average LOS -> Discharge Planning Quality -> Continuity of Care -> Post-Discharge Follow-up Quality -> Early Detection Rate -> 30-Day Readmission Rate"",11,""+"""
"Net Migration Inflow,""30-Day Readmission Rate"",""Net Migration Inflow -> Population Growth Rate -> Hospital Admissions -> Hospital Operating Costs -> Hospital Budget Pressure -> Pressure for Cost Containment -> Average LOS -> Pressure for Early Discharge -> Post Discharge Care Needs -> Municipal Care Burden/Workload -> Care Gaps -> Post-Discharge Follow-up Quality -> Early Detection Rate -> 30-Day Readmission Rate"",13,""+"""
"Net Migration Inflow,""30-Day Readmission Rate"",""Net Migration Inflow -> Population Growth Rate -> Hospital Admissions -> Hospital Operating Costs -> Hospital Budget Pressure -> Pressure for Cost Containment -> Average LOS -> Pressure for Early Discharge -> Clinical Stability -> Premature Discharge Risk -> 30-Day Readmission Rate"",10,""+"""
"Net Migration Inflow,""30-Day Readmission Rate"",""Net Migration Inflow -> Population Growth Rate -> Hospital Admissions -> Hospital Operating Costs -> Hospital Budget Pressure -> Pressure for Cost Containment -> Staffing Levels -> Workload -> Medical Error Rate (Care Quality) -> Discharge Planning Quality -> Average LOS -> Pressure for Early Discharge -> Post Discharge Care Needs -> Municipal Care Burden/Workload -> Care Gaps -> Post-Discharge Follow-up Quality -> Early Detection Rate -> 30-Day Readmission Rate"",17,""-"""
"Net Migration Inflow,""30-Day Readmission Rate"",""Net Migration Inflow -> Population Growth Rate -> Hospital Admissions -> Hospital Operating Costs -> Hospital Budget Pressure -> Pressure for Cost Containment -> Staffing Levels -> Workload -> Medical Error Rate (Care Quality) -> Discharge Planning Quality -> Average LOS -> Pressure for Early Discharge -> Clinical Stability -> Premature Discharge Risk -> 30-Day Readmission Rate"",14,""-"""
"Net Migration Inflow,""30-Day Readmission Rate"",""Net Migration Inflow -> Population Growth Rate -> Hospital Admissions -> Hospital Operating Costs -> Hospital Budget Pressure -> Pressure for Cost Containment -> Staffing Levels -> Workload -> Medical Error Rate (Care Quality) -> Discharge Planning Quality -> Premature Discharge Risk -> 30-Day Readmission Rate"",11,""+"""
"Net Migration Inflow,""30-Day Readmission Rate"",""Net Migration Inflow -> Population Growth Rate -> Hospital Admissions -> Hospital Operating Costs -> Hospital Budget Pressure -> Pressure for Cost Containment -> Staffing Levels -> Workload -> Medical Error Rate (Care Quality) -> Discharge Planning Quality -> Continuity of Care -> Medication Reconciliation Accuracy -> 30-Day Readmission Rate"",12,""+"""
"Net Migration Inflow,""30-Day Readmission Rate"",""Net Migration Inflow -> Population Growth Rate -> Hospital Admissions -> Hospital Operating Costs -> Hospital Budget Pressure -> Pressure for Cost Containment -> Staffing Levels -> Workload -> Medical Error Rate (Care Quality) -> Discharge Planning Quality -> Continuity of Care -> Post-Discharge Follow-up Quality -> Early Detection Rate -> 30-Day Readmission Rate"",13,""+"""
"Net Migration Inflow,""30-Day Readmission Rate"",""Net Migration Inflow -> Population Growth Rate -> Hospital Admissions -> Hospital Operating Costs -> Hospital Budget Pressure -> Pressure for Cost Containment -> Discharge Planning Quality -> Average LOS -> Pressure for Early Discharge -> Post Discharge Care Needs -> Municipal Care Burden/Workload -> Care Gaps -> Post-Discharge Follow-up Quality -> Early Detection Rate -> 30-Day Readmission Rate"",14,""-"""
"Net Migration Inflow,""30-Day Readmission Rate"",""Net Migration Inflow -> Population Growth Rate -> Hospital Admissions -> Hospital Operating Costs -> Hospital Budget Pressure -> Pressure for Cost Containment -> Discharge Planning Quality -> Average LOS -> Pressure for Early Discharge -> Clinical Stability -> Premature Discharge Risk -> 30-Day Readmission Rate"",11,""-"""
"Net Migration Inflow,""30-Day Readmission Rate"",""Net Migration Inflow -> Population Growth Rate -> Hospital Admissions -> Hospital Operating Costs -> Hospital Budget Pressure -> Pressure for Cost Containment -> Discharge Planning Quality -> Premature Discharge Risk -> 30-Day Readmission Rate"",8,""+"""
"Net Migration Inflow,""30-Day Readmission Rate"",""Net Migration Inflow -> Population Growth Rate -> Hospital Admissions -> Hospital Operating Costs -> Hospital Budget Pressure -> Pressure for Cost Containment -> Discharge Planning Quality -> Continuity of Care -> Medication Reconciliation Accuracy -> 30-Day Readmission Rate"",9,""+"""
"Net Migration Inflow,""30-Day Readmission Rate"",""Net Migration Inflow -> Population Growth Rate -> Hospital Admissions -> Hospital Operating Costs -> Hospital Budget Pressure -> Pressure for Cost Containment -> Discharge Planning Quality -> Continuity of Care -> Post-Discharge Follow-up Quality -> Early Detection Rate -> 30-Day Readmission Rate"",10,""+"""
"Net Migration Inflow,""30-Day Readmission Rate"",""Net Migration Inflow -> Population Growth Rate -> Hospital Admissions -> Workload -> Medical Error Rate (Care Quality) -> Discharge Planning Quality -> Average LOS -> Pressure for Early Discharge -> Post Discharge Care Needs -> Municipal Care Burden/Workload -> Care Gaps -> Post-Discharge Follow-up Quality -> Early Detection Rate -> 30-Day Readmission Rate"",13,""-"""
"Net Migration Inflow,""30-Day Readmission Rate"",""Net Migration Inflow -> Population Growth Rate -> Hospital Admissions -> Workload -> Medical Error Rate (Care Quality) -> Discharge Planning Quality -> Average LOS -> Pressure for Early Discharge -> Clinical Stability -> Premature Discharge Risk -> 30-Day Readmission Rate"",10,""-"""
"Net Migration Inflow,""30-Day Readmission Rate"",""Net Migration Inflow -> Population Growth Rate -> Hospital Admissions -> Workload -> Medical Error Rate (Care Quality) -> Discharge Planning Quality -> Premature Discharge Risk -> 30-Day Readmission Rate"",7,""+"""
"Net Migration Inflow,""30-Day Readmission Rate"",""Net Migration Inflow -> Population Growth Rate -> Hospital Admissions -> Workload -> Medical Error Rate (Care Quality) -> Discharge Planning Quality -> Continuity of Care -> Medication Reconciliation Accuracy -> 30-Day Readmission Rate"",8,""+"""
"Net Migration Inflow,""30-Day Readmission Rate"",""Net Migration Inflow -> Population Growth Rate -> Hospital Admissions -> Workload -> Medical Error Rate (Care Quality) -> Discharge Planning Quality -> Continuity of Care -> Post-Discharge Follow-up Quality -> Early Detection Rate -> 30-Day Readmission Rate"",9,""+"""
"Net Migration Inflow,""30-Day Readmission Rate"",""Net Migration Inflow -> Population Growth Rate -> Hospital Admissions -> Patients Satisfaction -> Policy Support for Quality -> Funding for Quality Improvement -> Discharge Planning Quality -> Average LOS -> Pressure for Early Discharge -> Post Discharge Care Needs -> Municipal Care Burden/Workload -> Care Gaps -> Post-Discharge Follow-up Quality -> Early Detection Rate -> 30-Day Readmission Rate"",14,""+"""
"Net Migration Inflow,""30-Day Readmission Rate"",""Net Migration Inflow -> Population Growth Rate -> Hospital Admissions -> Patients Satisfaction -> Policy Support for Quality -> Funding for Quality Improvement -> Discharge Planning Quality -> Average LOS -> Pressure for Early Discharge -> Clinical Stability -> Premature Discharge Risk -> 30-Day Readmission Rate"",11,""+"""
"Net Migration Inflow,""30-Day Readmission Rate"",""Net Migration Inflow -> Population Growth Rate -> Hospital Admissions -> Patients Satisfaction -> Policy Support for Quality -> Funding for Quality Improvement -> Discharge Planning Quality -> Premature Discharge Risk -> 30-Day Readmission Rate"",8,""-"""
"Net Migration Inflow,""30-Day Readmission Rate"",""Net Migration Inflow -> Population Growth Rate -> Hospital Admissions -> Patients Satisfaction -> Policy Support for Quality -> Funding for Quality Improvement -> Discharge Planning Quality -> Continuity of Care -> Medication Reconciliation Accuracy -> 30-Day Readmission Rate"",9,""-"""
"Net Migration Inflow,""30-Day Readmission Rate"",""Net Migration Inflow -> Population Growth Rate -> Hospital Admissions -> Patients Satisfaction -> Policy Support for Quality -> Funding for Quality Improvement -> Discharge Planning Quality -> Continuity of Care -> Post-Discharge Follow-up Quality -> Early Detection Rate -> 30-Day Readmission Rate"",10,""-"""
"Net Migration Inflow,""30-Day Readmission Rate"",""Net Migration Inflow -> Population Growth Rate -> Hospital Admissions -> Hospital Budget Pressure -> Hospital Efficiency Mandates -> Average LOS -> Hospital Operating Costs -> Pressure for Cost Containment -> Staffing Levels -> Workload -> Medical Error Rate (Care Quality) -> Discharge Planning Quality -> Premature Discharge Risk -> 30-Day Readmission Rate"",13,""-"""
"Net Migration Inflow,""30-Day Readmission Rate"",""Net Migration Inflow -> Population Growth Rate -> Hospital Admissions -> Hospital Budget Pressure -> Hospital Efficiency Mandates -> Average LOS -> Hospital Operating Costs -> Pressure for Cost Containment -> Staffing Levels -> Workload -> Medical Error Rate (Care Quality) -> Discharge Planning Quality -> Continuity of Care -> Medication Reconciliation Accuracy -> 30-Day Readmission Rate"",14,""-"""
"Net Migration Inflow,""30-Day Readmission Rate"",""Net Migration Inflow -> Population Growth Rate -> Hospital Admissions -> Hospital Budget Pressure -> Hospital Efficiency Mandates -> Average LOS -> Hospital Operating Costs -> Pressure for Cost Containment -> Staffing Levels -> Workload -> Medical Error Rate (Care Quality) -> Discharge Planning Quality -> Continuity of Care -> Post-Discharge Follow-up Quality -> Early Detection Rate -> 30-Day Readmission Rate"",15,""-"""
"Net Migration Inflow,""30-Day Readmission Rate"",""Net Migration Inflow -> Population Growth Rate -> Hospital Admissions -> Hospital Budget Pressure -> Hospital Efficiency Mandates -> Average LOS -> Hospital Operating Costs -> Pressure for Cost Containment -> Discharge Planning Quality -> Premature Discharge Risk -> 30-Day Readmission Rate"",10,""-"""
"Net Migration Inflow,""30-Day Readmission Rate"",""Net Migration Inflow -> Population Growth Rate -> Hospital Admissions -> Hospital Budget Pressure -> Hospital Efficiency Mandates -> Average LOS -> Hospital Operating Costs -> Pressure for Cost Containment -> Discharge Planning Quality -> Continuity of Care -> Medication Reconciliation Accuracy -> 30-Day Readmission Rate"",11,""-"""
"Net Migration Inflow,""30-Day Readmission Rate"",""Net Migration Inflow -> Population Growth Rate -> Hospital Admissions -> Hospital Budget Pressure -> Hospital Efficiency Mandates -> Average LOS -> Hospital Operating Costs -> Pressure for Cost Containment -> Discharge Planning Quality -> Continuity of Care -> Post-Discharge Follow-up Quality -> Early Detection Rate -> 30-Day Readmission Rate"",12,""-"""
"Net Migration Inflow,""30-Day Readmission Rate"",""Net Migration Inflow -> Population Growth Rate -> Hospital Admissions -> Hospital Budget Pressure -> Hospital Efficiency Mandates -> Average LOS -> Discharge Planning Quality -> Premature Discharge Risk -> 30-Day Readmission Rate"",8,""+"""
"Net Migration Inflow,""30-Day Readmission Rate"",""Net Migration Inflow -> Population Growth Rate -> Hospital Admissions -> Hospital Budget Pressure -> Hospital Efficiency Mandates -> Average LOS -> Discharge Planning Quality -> Continuity of Care -> Medication Reconciliation Accuracy -> 30-Day Readmission Rate"",9,""+"""
"Net Migration Inflow,""30-Day Readmission Rate"",""Net Migration Inflow -> Population Growth Rate -> Hospital Admissions -> Hospital Budget Pressure -> Hospital Efficiency Mandates -> Average LOS -> Discharge Planning Quality -> Continuity of Care -> Post-Discharge Follow-up Quality -> Early Detection Rate -> 30-Day Readmission Rate"",10,""+"""
"Net Migration Inflow,""30-Day Readmission Rate"",""Net Migration Inflow -> Population Growth Rate -> Hospital Admissions -> Hospital Budget Pressure -> Hospital Efficiency Mandates -> Average LOS -> Pressure for Early Discharge -> Post Discharge Care Needs -> Municipal Care Burden/Workload -> Care Gaps -> Post-Discharge Follow-up Quality -> Early Detection Rate -> 30-Day Readmission Rate"",12,""+"""
"Net Migration Inflow,""30-Day Readmission Rate"",""Net Migration Inflow -> Population Growth Rate -> Hospital Admissions -> Hospital Budget Pressure -> Hospital Efficiency Mandates -> Average LOS -> Pressure for Early Discharge -> Clinical Stability -> Premature Discharge Risk -> 30-Day Readmission Rate"",9,""+"""
"Net Migration Inflow,""30-Day Readmission Rate"",""Net Migration Inflow -> Population Growth Rate -> Hospital Admissions -> Hospital Budget Pressure -> Pressure for Cost Containment -> Average LOS -> Discharge Planning Quality -> Premature Discharge Risk -> 30-Day Readmission Rate"",8,""+"""
"Net Migration Inflow,""30-Day Readmission Rate"",""Net Migration Inflow -> Population Growth Rate -> Hospital Admissions -> Hospital Budget Pressure -> Pressure for Cost Containment -> Average LOS -> Discharge Planning Quality -> Continuity of Care -> Medication Reconciliation Accuracy -> 30-Day Readmission Rate"",9,""+"""
"Net Migration Inflow,""30-Day Readmission Rate"",""Net Migration Inflow -> Population Growth Rate -> Hospital Admissions -> Hospital Budget Pressure -> Pressure for Cost Containment -> Average LOS -> Discharge Planning Quality -> Continuity of Care -> Post-Discharge Follow-up Quality -> Early Detection Rate -> 30-Day Readmission Rate"",10,""+"""
"Net Migration Inflow,""30-Day Readmission Rate"",""Net Migration Inflow -> Population Growth Rate -> Hospital Admissions -> Hospital Budget Pressure -> Pressure for Cost Containment -> Average LOS -> Pressure for Early Discharge -> Post Discharge Care Needs -> Municipal Care Burden/Workload -> Care Gaps -> Post-Discharge Follow-up Quality -> Early Detection Rate -> 30-Day Readmission Rate"",12,""+"""
"Net Migration Inflow,""30-Day Readmission Rate"",""Net Migration Inflow -> Population Growth Rate -> Hospital Admissions -> Hospital Budget Pressure -> Pressure for Cost Containment -> Average LOS -> Pressure for Early Discharge -> Clinical Stability -> Premature Discharge Risk -> 30-Day Readmission Rate"",9,""+"""
"Net Migration Inflow,""30-Day Readmission Rate"",""Net Migration Inflow -> Population Growth Rate -> Hospital Admissions -> Hospital Budget Pressure -> Pressure for Cost Containment -> Staffing Levels -> Workload -> Medical Error Rate (Care Quality) -> Discharge Planning Quality -> Average LOS -> Pressure for Early Discharge -> Post Discharge Care Needs -> Municipal Care Burden/Workload -> Care Gaps -> Post-Discharge Follow-up Quality -> Early Detection Rate -> 30-Day Readmission Rate"",16,""-"""
"Net Migration Inflow,""30-Day Readmission Rate"",""Net Migration Inflow -> Population Growth Rate -> Hospital Admissions -> Hospital Budget Pressure -> Pressure for Cost Containment -> Staffing Levels -> Workload -> Medical Error Rate (Care Quality) -> Discharge Planning Quality -> Average LOS -> Pressure for Early Discharge -> Clinical Stability -> Premature Discharge Risk -> 30-Day Readmission Rate"",13,""-"""
"Net Migration Inflow,""30-Day Readmission Rate"",""Net Migration Inflow -> Population Growth Rate -> Hospital Admissions -> Hospital Budget Pressure -> Pressure for Cost Containment -> Staffing Levels -> Workload -> Medical Error Rate (Care Quality) -> Discharge Planning Quality -> Premature Discharge Risk -> 30-Day Readmission Rate"",10,""+"""
"Net Migration Inflow,""30-Day Readmission Rate"",""Net Migration Inflow -> Population Growth Rate -> Hospital Admissions -> Hospital Budget Pressure -> Pressure for Cost Containment -> Staffing Levels -> Workload -> Medical Error Rate (Care Quality) -> Discharge Planning Quality -> Continuity of Care -> Medication Reconciliation Accuracy -> 30-Day Readmission Rate"",11,""+"""
"Net Migration Inflow,""30-Day Readmission Rate"",""Net Migration Inflow -> Population Growth Rate -> Hospital Admissions -> Hospital Budget Pressure -> Pressure for Cost Containment -> Staffing Levels -> Workload -> Medical Error Rate (Care Quality) -> Discharge Planning Quality -> Continuity of Care -> Post-Discharge Follow-up Quality -> Early Detection Rate -> 30-Day Readmission Rate"",12,""+"""
"Net Migration Inflow,""30-Day Readmission Rate"",""Net Migration Inflow -> Population Growth Rate -> Hospital Admissions -> Hospital Budget Pressure -> Pressure for Cost Containment -> Discharge Planning Quality -> Average LOS -> Pressure for Early Discharge -> Post Discharge Care Needs -> Municipal Care Burden/Workload -> Care Gaps -> Post-Discharge Follow-up Quality -> Early Detection Rate -> 30-Day Readmission Rate"",13,""-"""
"Net Migration Inflow,""30-Day Readmission Rate"",""Net Migration Inflow -> Population Growth Rate -> Hospital Admissions -> Hospital Budget Pressure -> Pressure for Cost Containment -> Discharge Planning Quality -> Average LOS -> Pressure for Early Discharge -> Clinical Stability -> Premature Discharge Risk -> 30-Day Readmission Rate"",10,""-"""
"Net Migration Inflow,""30-Day Readmission Rate"",""Net Migration Inflow -> Population Growth Rate -> Hospital Admissions -> Hospital Budget Pressure -> Pressure for Cost Containment -> Discharge Planning Quality -> Premature Discharge Risk -> 30-Day Readmission Rate"",7,""+"""
"Net Migration Inflow,""30-Day Readmission Rate"",""Net Migration Inflow -> Population Growth Rate -> Hospital Admissions -> Hospital Budget Pressure -> Pressure for Cost Containment -> Discharge Planning Quality -> Continuity of Care -> Medication Reconciliation Accuracy -> 30-Day Readmission Rate"",8,""+"""
"Net Migration Inflow,""30-Day Readmission Rate"",""Net Migration Inflow -> Population Growth Rate -> Hospital Admissions -> Hospital Budget Pressure -> Pressure for Cost Containment -> Discharge Planning Quality -> Continuity of Care -> Post-Discharge Follow-up Quality -> Early Detection Rate -> 30-Day Readmission Rate"",9,""+"""
"Patient Clinical Risk Profile,""30-Day Readmission Rate"",""Patient Clinical Risk Profile -> 30-Day Readmission Rate"",1,""+"""
"Patient Education/Health Literacy,""30-Day Readmission Rate"",""Patient Education/Health Literacy -> Socio-economic Vulnerability -> Medication Adherence -> Complications -> 30-Day Readmission Rate"",4,""-"""
"Patient Education/Health Literacy,""30-Day Readmission Rate"",""Patient Education/Health Literacy -> Socio-economic Vulnerability -> Post-Discharge self-management -> Complications -> 30-Day Readmission Rate"",4,""-"""
"Patients Satisfaction,""30-Day Readmission Rate"",""Patients Satisfaction -> Policy Support for Quality -> Funding for Quality Improvement -> Discharge Planning Quality -> Average LOS -> Pressure for Early Discharge -> Post Discharge Care Needs -> Municipal Care Burden/Workload -> Care Gaps -> Post-Discharge Follow-up Quality -> Early Detection Rate -> 30-Day Readmission Rate"",11,""+"""
"Patients Satisfaction,""30-Day Readmission Rate"",""Patients Satisfaction -> Policy Support for Quality -> Funding for Quality Improvement -> Discharge Planning Quality -> Average LOS -> Pressure for Early Discharge -> Clinical Stability -> Premature Discharge Risk -> 30-Day Readmission Rate"",8,""+"""
"Patients Satisfaction,""30-Day Readmission Rate"",""Patients Satisfaction -> Policy Support for Quality -> Funding for Quality Improvement -> Discharge Planning Quality -> Premature Discharge Risk -> 30-Day Readmission Rate"",5,""-"""
"Patients Satisfaction,""30-Day Readmission Rate"",""Patients Satisfaction -> Policy Support for Quality -> Funding for Quality Improvement -> Discharge Planning Quality -> Continuity of Care -> Medication Reconciliation Accuracy -> 30-Day Readmission Rate"",6,""-"""
"Patients Satisfaction,""30-Day Readmission Rate"",""Patients Satisfaction -> Policy Support for Quality -> Funding for Quality Improvement -> Discharge Planning Quality -> Continuity of Care -> Post-Discharge Follow-up Quality -> Early Detection Rate -> 30-Day Readmission Rate"",7,""-"""
"Policy Attention to Readmission,""30-Day Readmission Rate"",""Policy Attention to Readmission -> Funding for Community Care/Services -> Average LOS -> Hospital Operating Costs -> Pressure for Cost Containment -> Staffing Levels -> Workload -> Medical Error Rate (Care Quality) -> Discharge Planning Quality -> Premature Discharge Risk -> 30-Day Readmission Rate"",10,""-"""
"Policy Attention to Readmission,""30-Day Readmission Rate"",""Policy Attention to Readmission -> Funding for Community Care/Services -> Average LOS -> Hospital Operating Costs -> Pressure for Cost Containment -> Staffing Levels -> Workload -> Medical Error Rate (Care Quality) -> Discharge Planning Quality -> Continuity of Care -> Medication Reconciliation Accuracy -> 30-Day Readmission Rate"",11,""-"""
"Policy Attention to Readmission,""30-Day Readmission Rate"",""Policy Attention to Readmission -> Funding for Community Care/Services -> Average LOS -> Hospital Operating Costs -> Pressure for Cost Containment -> Staffing Levels -> Workload -> Medical Error Rate (Care Quality) -> Discharge Planning Quality -> Continuity of Care -> Post-Discharge Follow-up Quality -> Early Detection Rate -> 30-Day Readmission Rate"",12,""-"""
"Policy Attention to Readmission,""30-Day Readmission Rate"",""Policy Attention to Readmission -> Funding for Community Care/Services -> Average LOS -> Hospital Operating Costs -> Pressure for Cost Containment -> Discharge Planning Quality -> Premature Discharge Risk -> 30-Day Readmission Rate"",7,""-"""
"Policy Attention to Readmission,""30-Day Readmission Rate"",""Policy Attention to Readmission -> Funding for Community Care/Services -> Average LOS -> Hospital Operating Costs -> Pressure for Cost Containment -> Discharge Planning Quality -> Continuity of Care -> Medication Reconciliation Accuracy -> 30-Day Readmission Rate"",8,""-"""
"Policy Attention to Readmission,""30-Day Readmission Rate"",""Policy Attention to Readmission -> Funding for Community Care/Services -> Average LOS -> Hospital Operating Costs -> Pressure for Cost Containment -> Discharge Planning Quality -> Continuity of Care -> Post-Discharge Follow-up Quality -> Early Detection Rate -> 30-Day Readmission Rate"",9,""-"""
"Policy Attention to Readmission,""30-Day Readmission Rate"",""Policy Attention to Readmission -> Funding for Community Care/Services -> Average LOS -> Hospital Operating Costs -> Hospital Budget Pressure -> Pressure for Cost Containment -> Staffing Levels -> Workload -> Medical Error Rate (Care Quality) -> Discharge Planning Quality -> Premature Discharge Risk -> 30-Day Readmission Rate"",11,""-"""
"Policy Attention to Readmission,""30-Day Readmission Rate"",""Policy Attention to Readmission -> Funding for Community Care/Services -> Average LOS -> Hospital Operating Costs -> Hospital Budget Pressure -> Pressure for Cost Containment -> Staffing Levels -> Workload -> Medical Error Rate (Care Quality) -> Discharge Planning Quality -> Continuity of Care -> Medication Reconciliation Accuracy -> 30-Day Readmission Rate"",12,""-"""
"Policy Attention to Readmission,""30-Day Readmission Rate"",""Policy Attention to Readmission -> Funding for Community Care/Services -> Average LOS -> Hospital Operating Costs -> Hospital Budget Pressure -> Pressure for Cost Containment -> Staffing Levels -> Workload -> Medical Error Rate (Care Quality) -> Discharge Planning Quality -> Continuity of Care -> Post-Discharge Follow-up Quality -> Early Detection Rate -> 30-Day Readmission Rate"",13,""-"""
"Policy Attention to Readmission,""30-Day Readmission Rate"",""Policy Attention to Readmission -> Funding for Community Care/Services -> Average LOS -> Hospital Operating Costs -> Hospital Budget Pressure -> Pressure for Cost Containment -> Discharge Planning Quality -> Premature Discharge Risk -> 30-Day Readmission Rate"",8,""-"""
"Policy Attention to Readmission,""30-Day Readmission Rate"",""Policy Attention to Readmission -> Funding for Community Care/Services -> Average LOS -> Hospital Operating Costs -> Hospital Budget Pressure -> Pressure for Cost Containment -> Discharge Planning Quality -> Continuity of Care -> Medication Reconciliation Accuracy -> 30-Day Readmission Rate"",9,""-"""
"Policy Attention to Readmission,""30-Day Readmission Rate"",""Policy Attention to Readmission -> Funding for Community Care/Services -> Average LOS -> Hospital Operating Costs -> Hospital Budget Pressure -> Pressure for Cost Containment -> Discharge Planning Quality -> Continuity of Care -> Post-Discharge Follow-up Quality -> Early Detection Rate -> 30-Day Readmission Rate"",10,""-"""
"Policy Attention to Readmission,""30-Day Readmission Rate"",""Policy Attention to Readmission -> Funding for Community Care/Services -> Average LOS -> Discharge Planning Quality -> Premature Discharge Risk -> 30-Day Readmission Rate"",5,""+"""
"Policy Attention to Readmission,""30-Day Readmission Rate"",""Policy Attention to Readmission -> Funding for Community Care/Services -> Average LOS -> Discharge Planning Quality -> Continuity of Care -> Medication Reconciliation Accuracy -> 30-Day Readmission Rate"",6,""+"""
"Policy Attention to Readmission,""30-Day Readmission Rate"",""Policy Attention to Readmission -> Funding for Community Care/Services -> Average LOS -> Discharge Planning Quality -> Continuity of Care -> Post-Discharge Follow-up Quality -> Early Detection Rate -> 30-Day Readmission Rate"",7,""+"""
"Policy Attention to Readmission,""30-Day Readmission Rate"",""Policy Attention to Readmission -> Funding for Community Care/Services -> Average LOS -> Pressure for Early Discharge -> Post Discharge Care Needs -> Municipal Care Burden/Workload -> Care Gaps -> Post-Discharge Follow-up Quality -> Early Detection Rate -> 30-Day Readmission Rate"",9,""+"""
"Policy Attention to Readmission,""30-Day Readmission Rate"",""Policy Attention to Readmission -> Funding for Community Care/Services -> Average LOS -> Pressure for Early Discharge -> Clinical Stability -> Premature Discharge Risk -> 30-Day Readmission Rate"",6,""+"""
"Policy Attention to Readmission,""30-Day Readmission Rate"",""Policy Attention to Readmission -> Funding for Community Care/Services -> Post-Discharge Follow-up Quality -> Early Detection Rate -> 30-Day Readmission Rate"",4,""-"""
"Policy Attention to Readmission,""30-Day Readmission Rate"",""Policy Attention to Readmission -> Funding for Community Care/Services -> Unmet ADL needs -> Premature Discharge Risk -> 30-Day Readmission Rate"",4,""-"""
"Policy Attention to Readmission,""30-Day Readmission Rate"",""Policy Attention to Readmission -> Funding for Quality Improvement -> Discharge Planning Quality -> Average LOS -> Pressure for Early Discharge -> Post Discharge Care Needs -> Municipal Care Burden/Workload -> Care Gaps -> Post-Discharge Follow-up Quality -> Early Detection Rate -> 30-Day Readmission Rate"",10,""+"""
"Policy Attention to Readmission,""30-Day Readmission Rate"",""Policy Attention to Readmission -> Funding for Quality Improvement -> Discharge Planning Quality -> Average LOS -> Pressure for Early Discharge -> Clinical Stability -> Premature Discharge Risk -> 30-Day Readmission Rate"",7,""+"""
"Policy Attention to Readmission,""30-Day Readmission Rate"",""Policy Attention to Readmission -> Funding for Quality Improvement -> Discharge Planning Quality -> Premature Discharge Risk -> 30-Day Readmission Rate"",4,""-"""
"Policy Attention to Readmission,""30-Day Readmission Rate"",""Policy Attention to Readmission -> Funding for Quality Improvement -> Discharge Planning Quality -> Continuity of Care -> Medication Reconciliation Accuracy -> 30-Day Readmission Rate"",5,""-"""
"Policy Attention to Readmission,""30-Day Readmission Rate"",""Policy Attention to Readmission -> Funding for Quality Improvement -> Discharge Planning Quality -> Continuity of Care -> Post-Discharge Follow-up Quality -> Early Detection Rate -> 30-Day Readmission Rate"",6,""-"""
"Policy Support for Quality,""30-Day Readmission Rate"",""Policy Support for Quality -> Funding for Quality Improvement -> Discharge Planning Quality -> Average LOS -> Pressure for Early Discharge -> Post Discharge Care Needs -> Municipal Care Burden/Workload -> Care Gaps -> Post-Discharge Follow-up Quality -> Early Detection Rate -> 30-Day Readmission Rate"",10,""+"""
"Policy Support for Quality,""30-Day Readmission Rate"",""Policy Support for Quality -> Funding for Quality Improvement -> Discharge Planning Quality -> Average LOS -> Pressure for Early Discharge -> Clinical Stability -> Premature Discharge Risk -> 30-Day Readmission Rate"",7,""+"""
"Policy Support for Quality,""30-Day Readmission Rate"",""Policy Support for Quality -> Funding for Quality Improvement -> Discharge Planning Quality -> Premature Discharge Risk -> 30-Day Readmission Rate"",4,""-"""
"Policy Support for Quality,""30-Day Readmission Rate"",""Policy Support for Quality -> Funding for Quality Improvement -> Discharge Planning Quality -> Continuity of Care -> Medication Reconciliation Accuracy -> 30-Day Readmission Rate"",5,""-"""
"Policy Support for Quality,""30-Day Readmission Rate"",""Policy Support for Quality -> Funding for Quality Improvement -> Discharge Planning Quality -> Continuity of Care -> Post-Discharge Follow-up Quality -> Early Detection Rate -> 30-Day Readmission Rate"",6,""-"""
"Population Growth Rate,""30-Day Readmission Rate"",""Population Growth Rate -> Hospital Admissions -> Hospital Operating Costs -> Hospital Efficiency Mandates -> Average LOS -> Discharge Planning Quality -> Premature Discharge Risk -> 30-Day Readmission Rate"",7,""+"""
"Population Growth Rate,""30-Day Readmission Rate"",""Population Growth Rate -> Hospital Admissions -> Hospital Operating Costs -> Hospital Efficiency Mandates -> Average LOS -> Discharge Planning Quality -> Continuity of Care -> Medication Reconciliation Accuracy -> 30-Day Readmission Rate"",8,""+"""
"Population Growth Rate,""30-Day Readmission Rate"",""Population Growth Rate -> Hospital Admissions -> Hospital Operating Costs -> Hospital Efficiency Mandates -> Average LOS -> Discharge Planning Quality -> Continuity of Care -> Post-Discharge Follow-up Quality -> Early Detection Rate -> 30-Day Readmission Rate"",9,""+"""
"Population Growth Rate,""30-Day Readmission Rate"",""Population Growth Rate -> Hospital Admissions -> Hospital Operating Costs -> Hospital Efficiency Mandates -> Average LOS -> Pressure for Early Discharge -> Post Discharge Care Needs -> Municipal Care Burden/Workload -> Care Gaps -> Post-Discharge Follow-up Quality -> Early Detection Rate -> 30-Day Readmission Rate"",11,""+"""
"Population Growth Rate,""30-Day Readmission Rate"",""Population Growth Rate -> Hospital Admissions -> Hospital Operating Costs -> Hospital Efficiency Mandates -> Average LOS -> Pressure for Early Discharge -> Clinical Stability -> Premature Discharge Risk -> 30-Day Readmission Rate"",8,""+"""
"Population Growth Rate,""30-Day Readmission Rate"",""Population Growth Rate -> Hospital Admissions -> Hospital Operating Costs -> Pressure for Cost Containment -> Average LOS -> Discharge Planning Quality -> Premature Discharge Risk -> 30-Day Readmission Rate"",7,""+"""
"Population Growth Rate,""30-Day Readmission Rate"",""Population Growth Rate -> Hospital Admissions -> Hospital Operating Costs -> Pressure for Cost Containment -> Average LOS -> Discharge Planning Quality -> Continuity of Care -> Medication Reconciliation Accuracy -> 30-Day Readmission Rate"",8,""+"""
"Population Growth Rate,""30-Day Readmission Rate"",""Population Growth Rate -> Hospital Admissions -> Hospital Operating Costs -> Pressure for Cost Containment -> Average LOS -> Discharge Planning Quality -> Continuity of Care -> Post-Discharge Follow-up Quality -> Early Detection Rate -> 30-Day Readmission Rate"",9,""+"""
"Population Growth Rate,""30-Day Readmission Rate"",""Population Growth Rate -> Hospital Admissions -> Hospital Operating Costs -> Pressure for Cost Containment -> Average LOS -> Pressure for Early Discharge -> Post Discharge Care Needs -> Municipal Care Burden/Workload -> Care Gaps -> Post-Discharge Follow-up Quality -> Early Detection Rate -> 30-Day Readmission Rate"",11,""+"""
"Population Growth Rate,""30-Day Readmission Rate"",""Population Growth Rate -> Hospital Admissions -> Hospital Operating Costs -> Pressure for Cost Containment -> Average LOS -> Pressure for Early Discharge -> Clinical Stability -> Premature Discharge Risk -> 30-Day Readmission Rate"",8,""+"""
"Population Growth Rate,""30-Day Readmission Rate"",""Population Growth Rate -> Hospital Admissions -> Hospital Operating Costs -> Pressure for Cost Containment -> Staffing Levels -> Workload -> Medical Error Rate (Care Quality) -> Discharge Planning Quality -> Average LOS -> Pressure for Early Discharge -> Post Discharge Care Needs -> Municipal Care Burden/Workload -> Care Gaps -> Post-Discharge Follow-up Quality -> Early Detection Rate -> 30-Day Readmission Rate"",15,""-"""
"Population Growth Rate,""30-Day Readmission Rate"",""Population Growth Rate -> Hospital Admissions -> Hospital Operating Costs -> Pressure for Cost Containment -> Staffing Levels -> Workload -> Medical Error Rate (Care Quality) -> Discharge Planning Quality -> Average LOS -> Pressure for Early Discharge -> Clinical Stability -> Premature Discharge Risk -> 30-Day Readmission Rate"",12,""-"""
"Population Growth Rate,""30-Day Readmission Rate"",""Population Growth Rate -> Hospital Admissions -> Hospital Operating Costs -> Pressure for Cost Containment -> Staffing Levels -> Workload -> Medical Error Rate (Care Quality) -> Discharge Planning Quality -> Premature Discharge Risk -> 30-Day Readmission Rate"",9,""+"""
"Population Growth Rate,""30-Day Readmission Rate"",""Population Growth Rate -> Hospital Admissions -> Hospital Operating Costs -> Pressure for Cost Containment -> Staffing Levels -> Workload -> Medical Error Rate (Care Quality) -> Discharge Planning Quality -> Continuity of Care -> Medication Reconciliation Accuracy -> 30-Day Readmission Rate"",10,""+"""
"Population Growth Rate,""30-Day Readmission Rate"",""Population Growth Rate -> Hospital Admissions -> Hospital Operating Costs -> Pressure for Cost Containment -> Staffing Levels -> Workload -> Medical Error Rate (Care Quality) -> Discharge Planning Quality -> Continuity of Care -> Post-Discharge Follow-up Quality -> Early Detection Rate -> 30-Day Readmission Rate"",11,""+"""
"Population Growth Rate,""30-Day Readmission Rate"",""Population Growth Rate -> Hospital Admissions -> Hospital Operating Costs -> Pressure for Cost Containment -> Discharge Planning Quality -> Average LOS -> Pressure for Early Discharge -> Post Discharge Care Needs -> Municipal Care Burden/Workload -> Care Gaps -> Post-Discharge Follow-up Quality -> Early Detection Rate -> 30-Day Readmission Rate"",12,""-"""
"Population Growth Rate,""30-Day Readmission Rate"",""Population Growth Rate -> Hospital Admissions -> Hospital Operating Costs -> Pressure for Cost Containment -> Discharge Planning Quality -> Average LOS -> Pressure for Early Discharge -> Clinical Stability -> Premature Discharge Risk -> 30-Day Readmission Rate"",9,""-"""
"Population Growth Rate,""30-Day Readmission Rate"",""Population Growth Rate -> Hospital Admissions -> Hospital Operating Costs -> Pressure for Cost Containment -> Discharge Planning Quality -> Premature Discharge Risk -> 30-Day Readmission Rate"",6,""+"""
"Population Growth Rate,""30-Day Readmission Rate"",""Population Growth Rate -> Hospital Admissions -> Hospital Operating Costs -> Pressure for Cost Containment -> Discharge Planning Quality -> Continuity of Care -> Medication Reconciliation Accuracy -> 30-Day Readmission Rate"",7,""+"""
"Population Growth Rate,""30-Day Readmission Rate"",""Population Growth Rate -> Hospital Admissions -> Hospital Operating Costs -> Pressure for Cost Containment -> Discharge Planning Quality -> Continuity of Care -> Post-Discharge Follow-up Quality -> Early Detection Rate -> 30-Day Readmission Rate"",8,""+"""
"Population Growth Rate,""30-Day Readmission Rate"",""Population Growth Rate -> Hospital Admissions -> Hospital Operating Costs -> Hospital Budget Pressure -> Hospital Efficiency Mandates -> Average LOS -> Discharge Planning Quality -> Premature Discharge Risk -> 30-Day Readmission Rate"",8,""+"""
"Population Growth Rate,""30-Day Readmission Rate"",""Population Growth Rate -> Hospital Admissions -> Hospital Operating Costs -> Hospital Budget Pressure -> Hospital Efficiency Mandates -> Average LOS -> Discharge Planning Quality -> Continuity of Care -> Medication Reconciliation Accuracy -> 30-Day Readmission Rate"",9,""+"""
"Population Growth Rate,""30-Day Readmission Rate"",""Population Growth Rate -> Hospital Admissions -> Hospital Operating Costs -> Hospital Budget Pressure -> Hospital Efficiency Mandates -> Average LOS -> Discharge Planning Quality -> Continuity of Care -> Post-Discharge Follow-up Quality -> Early Detection Rate -> 30-Day Readmission Rate"",10,""+"""
"Population Growth Rate,""30-Day Readmission Rate"",""Population Growth Rate -> Hospital Admissions -> Hospital Operating Costs -> Hospital Budget Pressure -> Hospital Efficiency Mandates -> Average LOS -> Pressure for Early Discharge -> Post Discharge Care Needs -> Municipal Care Burden/Workload -> Care Gaps -> Post-Discharge Follow-up Quality -> Early Detection Rate -> 30-Day Readmission Rate"",12,""+"""
"Population Growth Rate,""30-Day Readmission Rate"",""Population Growth Rate -> Hospital Admissions -> Hospital Operating Costs -> Hospital Budget Pressure -> Hospital Efficiency Mandates -> Average LOS -> Pressure for Early Discharge -> Clinical Stability -> Premature Discharge Risk -> 30-Day Readmission Rate"",9,""+"""
"Population Growth Rate,""30-Day Readmission Rate"",""Population Growth Rate -> Hospital Admissions -> Hospital Operating Costs -> Hospital Budget Pressure -> Pressure for Cost Containment -> Average LOS -> Discharge Planning Quality -> Premature Discharge Risk -> 30-Day Readmission Rate"",8,""+"""
"Population Growth Rate,""30-Day Readmission Rate"",""Population Growth Rate -> Hospital Admissions -> Hospital Operating Costs -> Hospital Budget Pressure -> Pressure for Cost Containment -> Average LOS -> Discharge Planning Quality -> Continuity of Care -> Medication Reconciliation Accuracy -> 30-Day Readmission Rate"",9,""+"""
"Population Growth Rate,""30-Day Readmission Rate"",""Population Growth Rate -> Hospital Admissions -> Hospital Operating Costs -> Hospital Budget Pressure -> Pressure for Cost Containment -> Average LOS -> Discharge Planning Quality -> Continuity of Care -> Post-Discharge Follow-up Quality -> Early Detection Rate -> 30-Day Readmission Rate"",10,""+"""
"Population Growth Rate,""30-Day Readmission Rate"",""Population Growth Rate -> Hospital Admissions -> Hospital Operating Costs -> Hospital Budget Pressure -> Pressure for Cost Containment -> Average LOS -> Pressure for Early Discharge -> Post Discharge Care Needs -> Municipal Care Burden/Workload -> Care Gaps -> Post-Discharge Follow-up Quality -> Early Detection Rate -> 30-Day Readmission Rate"",12,""+"""
"Population Growth Rate,""30-Day Readmission Rate"",""Population Growth Rate -> Hospital Admissions -> Hospital Operating Costs -> Hospital Budget Pressure -> Pressure for Cost Containment -> Average LOS -> Pressure for Early Discharge -> Clinical Stability -> Premature Discharge Risk -> 30-Day Readmission Rate"",9,""+"""
"Population Growth Rate,""30-Day Readmission Rate"",""Population Growth Rate -> Hospital Admissions -> Hospital Operating Costs -> Hospital Budget Pressure -> Pressure for Cost Containment -> Staffing Levels -> Workload -> Medical Error Rate (Care Quality) -> Discharge Planning Quality -> Average LOS -> Pressure for Early Discharge -> Post Discharge Care Needs -> Municipal Care Burden/Workload -> Care Gaps -> Post-Discharge Follow-up Quality -> Early Detection Rate -> 30-Day Readmission Rate"",16,""-"""
"Population Growth Rate,""30-Day Readmission Rate"",""Population Growth Rate -> Hospital Admissions -> Hospital Operating Costs -> Hospital Budget Pressure -> Pressure for Cost Containment -> Staffing Levels -> Workload -> Medical Error Rate (Care Quality) -> Discharge Planning Quality -> Average LOS -> Pressure for Early Discharge -> Clinical Stability -> Premature Discharge Risk -> 30-Day Readmission Rate"",13,""-"""
"Population Growth Rate,""30-Day Readmission Rate"",""Population Growth Rate -> Hospital Admissions -> Hospital Operating Costs -> Hospital Budget Pressure -> Pressure for Cost Containment -> Staffing Levels -> Workload -> Medical Error Rate (Care Quality) -> Discharge Planning Quality -> Premature Discharge Risk -> 30-Day Readmission Rate"",10,""+"""
"Population Growth Rate,""30-Day Readmission Rate"",""Population Growth Rate -> Hospital Admissions -> Hospital Operating Costs -> Hospital Budget Pressure -> Pressure for Cost Containment -> Staffing Levels -> Workload -> Medical Error Rate (Care Quality) -> Discharge Planning Quality -> Continuity of Care -> Medication Reconciliation Accuracy -> 30-Day Readmission Rate"",11,""+"""
"Population Growth Rate,""30-Day Readmission Rate"",""Population Growth Rate -> Hospital Admissions -> Hospital Operating Costs -> Hospital Budget Pressure -> Pressure for Cost Containment -> Staffing Levels -> Workload -> Medical Error Rate (Care Quality) -> Discharge Planning Quality -> Continuity of Care -> Post-Discharge Follow-up Quality -> Early Detection Rate -> 30-Day Readmission Rate"",12,""+"""
"Population Growth Rate,""30-Day Readmission Rate"",""Population Growth Rate -> Hospital Admissions -> Hospital Operating Costs -> Hospital Budget Pressure -> Pressure for Cost Containment -> Discharge Planning Quality -> Average LOS -> Pressure for Early Discharge -> Post Discharge Care Needs -> Municipal Care Burden/Workload -> Care Gaps -> Post-Discharge Follow-up Quality -> Early Detection Rate -> 30-Day Readmission Rate"",13,""-"""
"Population Growth Rate,""30-Day Readmission Rate"",""Population Growth Rate -> Hospital Admissions -> Hospital Operating Costs -> Hospital Budget Pressure -> Pressure for Cost Containment -> Discharge Planning Quality -> Average LOS -> Pressure for Early Discharge -> Clinical Stability -> Premature Discharge Risk -> 30-Day Readmission Rate"",10,""-"""
"Population Growth Rate,""30-Day Readmission Rate"",""Population Growth Rate -> Hospital Admissions -> Hospital Operating Costs -> Hospital Budget Pressure -> Pressure for Cost Containment -> Discharge Planning Quality -> Premature Discharge Risk -> 30-Day Readmission Rate"",7,""+"""
"Population Growth Rate,""30-Day Readmission Rate"",""Population Growth Rate -> Hospital Admissions -> Hospital Operating Costs -> Hospital Budget Pressure -> Pressure for Cost Containment -> Discharge Planning Quality -> Continuity of Care -> Medication Reconciliation Accuracy -> 30-Day Readmission Rate"",8,""+"""
"Population Growth Rate,""30-Day Readmission Rate"",""Population Growth Rate -> Hospital Admissions -> Hospital Operating Costs -> Hospital Budget Pressure -> Pressure for Cost Containment -> Discharge Planning Quality -> Continuity of Care -> Post-Discharge Follow-up Quality -> Early Detection Rate -> 30-Day Readmission Rate"",9,""+"""
"Population Growth Rate,""30-Day Readmission Rate"",""Population Growth Rate -> Hospital Admissions -> Workload -> Medical Error Rate (Care Quality) -> Discharge Planning Quality -> Average LOS -> Pressure for Early Discharge -> Post Discharge Care Needs -> Municipal Care Burden/Workload -> Care Gaps -> Post-Discharge Follow-up Quality -> Early Detection Rate -> 30-Day Readmission Rate"",12,""-"""
"Population Growth Rate,""30-Day Readmission Rate"",""Population Growth Rate -> Hospital Admissions -> Workload -> Medical Error Rate (Care Quality) -> Discharge Planning Quality -> Average LOS -> Pressure for Early Discharge -> Clinical Stability -> Premature Discharge Risk -> 30-Day Readmission Rate"",9,""-"""
"Population Growth Rate,""30-Day Readmission Rate"",""Population Growth Rate -> Hospital Admissions -> Workload -> Medical Error Rate (Care Quality) -> Discharge Planning Quality -> Premature Discharge Risk -> 30-Day Readmission Rate"",6,""+"""
"Population Growth Rate,""30-Day Readmission Rate"",""Population Growth Rate -> Hospital Admissions -> Workload -> Medical Error Rate (Care Quality) -> Discharge Planning Quality -> Continuity of Care -> Medication Reconciliation Accuracy -> 30-Day Readmission Rate"",7,""+"""
"Population Growth Rate,""30-Day Readmission Rate"",""Population Growth Rate -> Hospital Admissions -> Workload -> Medical Error Rate (Care Quality) -> Discharge Planning Quality -> Continuity of Care -> Post-Discharge Follow-up Quality -> Early Detection Rate -> 30-Day Readmission Rate"",8,""+"""
"Population Growth Rate,""30-Day Readmission Rate"",""Population Growth Rate -> Hospital Admissions -> Patients Satisfaction -> Policy Support for Quality -> Funding for Quality Improvement -> Discharge Planning Quality -> Average LOS -> Pressure for Early Discharge -> Post Discharge Care Needs -> Municipal Care Burden/Workload -> Care Gaps -> Post-Discharge Follow-up Quality -> Early Detection Rate -> 30-Day Readmission Rate"",13,""+"""
"Population Growth Rate,""30-Day Readmission Rate"",""Population Growth Rate -> Hospital Admissions -> Patients Satisfaction -> Policy Support for Quality -> Funding for Quality Improvement -> Discharge Planning Quality -> Average LOS -> Pressure for Early Discharge -> Clinical Stability -> Premature Discharge Risk -> 30-Day Readmission Rate"",10,""+"""
"Population Growth Rate,""30-Day Readmission Rate"",""Population Growth Rate -> Hospital Admissions -> Patients Satisfaction -> Policy Support for Quality -> Funding for Quality Improvement -> Discharge Planning Quality -> Premature Discharge Risk -> 30-Day Readmission Rate"",7,""-"""
"Population Growth Rate,""30-Day Readmission Rate"",""Population Growth Rate -> Hospital Admissions -> Patients Satisfaction -> Policy Support for Quality -> Funding for Quality Improvement -> Discharge Planning Quality -> Continuity of Care -> Medication Reconciliation Accuracy -> 30-Day Readmission Rate"",8,""-"""
"Population Growth Rate,""30-Day Readmission Rate"",""Population Growth Rate -> Hospital Admissions -> Patients Satisfaction -> Policy Support for Quality -> Funding for Quality Improvement -> Discharge Planning Quality -> Continuity of Care -> Post-Discharge Follow-up Quality -> Early Detection Rate -> 30-Day Readmission Rate"",9,""-"""
"Population Growth Rate,""30-Day Readmission Rate"",""Population Growth Rate -> Hospital Admissions -> Hospital Budget Pressure -> Hospital Efficiency Mandates -> Average LOS -> Hospital Operating Costs -> Pressure for Cost Containment -> Staffing Levels -> Workload -> Medical Error Rate (Care Quality) -> Discharge Planning Quality -> Premature Discharge Risk -> 30-Day Readmission Rate"",12,""-"""
"Population Growth Rate,""30-Day Readmission Rate"",""Population Growth Rate -> Hospital Admissions -> Hospital Budget Pressure -> Hospital Efficiency Mandates -> Average LOS -> Hospital Operating Costs -> Pressure for Cost Containment -> Staffing Levels -> Workload -> Medical Error Rate (Care Quality) -> Discharge Planning Quality -> Continuity of Care -> Medication Reconciliation Accuracy -> 30-Day Readmission Rate"",13,""-"""
"Population Growth Rate,""30-Day Readmission Rate"",""Population Growth Rate -> Hospital Admissions -> Hospital Budget Pressure -> Hospital Efficiency Mandates -> Average LOS -> Hospital Operating Costs -> Pressure for Cost Containment -> Staffing Levels -> Workload -> Medical Error Rate (Care Quality) -> Discharge Planning Quality -> Continuity of Care -> Post-Discharge Follow-up Quality -> Early Detection Rate -> 30-Day Readmission Rate"",14,""-"""
"Population Growth Rate,""30-Day Readmission Rate"",""Population Growth Rate -> Hospital Admissions -> Hospital Budget Pressure -> Hospital Efficiency Mandates -> Average LOS -> Hospital Operating Costs -> Pressure for Cost Containment -> Discharge Planning Quality -> Premature Discharge Risk -> 30-Day Readmission Rate"",9,""-"""
"Population Growth Rate,""30-Day Readmission Rate"",""Population Growth Rate -> Hospital Admissions -> Hospital Budget Pressure -> Hospital Efficiency Mandates -> Average LOS -> Hospital Operating Costs -> Pressure for Cost Containment -> Discharge Planning Quality -> Continuity of Care -> Medication Reconciliation Accuracy -> 30-Day Readmission Rate"",10,""-"""
"Population Growth Rate,""30-Day Readmission Rate"",""Population Growth Rate -> Hospital Admissions -> Hospital Budget Pressure -> Hospital Efficiency Mandates -> Average LOS -> Hospital Operating Costs -> Pressure for Cost Containment -> Discharge Planning Quality -> Continuity of Care -> Post-Discharge Follow-up Quality -> Early Detection Rate -> 30-Day Readmission Rate"",11,""-"""
"Population Growth Rate,""30-Day Readmission Rate"",""Population Growth Rate -> Hospital Admissions -> Hospital Budget Pressure -> Hospital Efficiency Mandates -> Average LOS -> Discharge Planning Quality -> Premature Discharge Risk -> 30-Day Readmission Rate"",7,""+"""
"Population Growth Rate,""30-Day Readmission Rate"",""Population Growth Rate -> Hospital Admissions -> Hospital Budget Pressure -> Hospital Efficiency Mandates -> Average LOS -> Discharge Planning Quality -> Continuity of Care -> Medication Reconciliation Accuracy -> 30-Day Readmission Rate"",8,""+"""
"Population Growth Rate,""30-Day Readmission Rate"",""Population Growth Rate -> Hospital Admissions -> Hospital Budget Pressure -> Hospital Efficiency Mandates -> Average LOS -> Discharge Planning Quality -> Continuity of Care -> Post-Discharge Follow-up Quality -> Early Detection Rate -> 30-Day Readmission Rate"",9,""+"""
"Population Growth Rate,""30-Day Readmission Rate"",""Population Growth Rate -> Hospital Admissions -> Hospital Budget Pressure -> Hospital Efficiency Mandates -> Average LOS -> Pressure for Early Discharge -> Post Discharge Care Needs -> Municipal Care Burden/Workload -> Care Gaps -> Post-Discharge Follow-up Quality -> Early Detection Rate -> 30-Day Readmission Rate"",11,""+"""
"Population Growth Rate,""30-Day Readmission Rate"",""Population Growth Rate -> Hospital Admissions -> Hospital Budget Pressure -> Hospital Efficiency Mandates -> Average LOS -> Pressure for Early Discharge -> Clinical Stability -> Premature Discharge Risk -> 30-Day Readmission Rate"",8,""+"""
"Population Growth Rate,""30-Day Readmission Rate"",""Population Growth Rate -> Hospital Admissions -> Hospital Budget Pressure -> Pressure for Cost Containment -> Average LOS -> Discharge Planning Quality -> Premature Discharge Risk -> 30-Day Readmission Rate"",7,""+"""
"Population Growth Rate,""30-Day Readmission Rate"",""Population Growth Rate -> Hospital Admissions -> Hospital Budget Pressure -> Pressure for Cost Containment -> Average LOS -> Discharge Planning Quality -> Continuity of Care -> Medication Reconciliation Accuracy -> 30-Day Readmission Rate"",8,""+"""
"Population Growth Rate,""30-Day Readmission Rate"",""Population Growth Rate -> Hospital Admissions -> Hospital Budget Pressure -> Pressure for Cost Containment -> Average LOS -> Discharge Planning Quality -> Continuity of Care -> Post-Discharge Follow-up Quality -> Early Detection Rate -> 30-Day Readmission Rate"",9,""+"""
"Population Growth Rate,""30-Day Readmission Rate"",""Population Growth Rate -> Hospital Admissions -> Hospital Budget Pressure -> Pressure for Cost Containment -> Average LOS -> Pressure for Early Discharge -> Post Discharge Care Needs -> Municipal Care Burden/Workload -> Care Gaps -> Post-Discharge Follow-up Quality -> Early Detection Rate -> 30-Day Readmission Rate"",11,""+"""
"Population Growth Rate,""30-Day Readmission Rate"",""Population Growth Rate -> Hospital Admissions -> Hospital Budget Pressure -> Pressure for Cost Containment -> Average LOS -> Pressure for Early Discharge -> Clinical Stability -> Premature Discharge Risk -> 30-Day Readmission Rate"",8,""+"""
"Population Growth Rate,""30-Day Readmission Rate"",""Population Growth Rate -> Hospital Admissions -> Hospital Budget Pressure -> Pressure for Cost Containment -> Staffing Levels -> Workload -> Medical Error Rate (Care Quality) -> Discharge Planning Quality -> Average LOS -> Pressure for Early Discharge -> Post Discharge Care Needs -> Municipal Care Burden/Workload -> Care Gaps -> Post-Discharge Follow-up Quality -> Early Detection Rate -> 30-Day Readmission Rate"",15,""-"""
"Population Growth Rate,""30-Day Readmission Rate"",""Population Growth Rate -> Hospital Admissions -> Hospital Budget Pressure -> Pressure for Cost Containment -> Staffing Levels -> Workload -> Medical Error Rate (Care Quality) -> Discharge Planning Quality -> Average LOS -> Pressure for Early Discharge -> Clinical Stability -> Premature Discharge Risk -> 30-Day Readmission Rate"",12,""-"""
"Population Growth Rate,""30-Day Readmission Rate"",""Population Growth Rate -> Hospital Admissions -> Hospital Budget Pressure -> Pressure for Cost Containment -> Staffing Levels -> Workload -> Medical Error Rate (Care Quality) -> Discharge Planning Quality -> Premature Discharge Risk -> 30-Day Readmission Rate"",9,""+"""
"Population Growth Rate,""30-Day Readmission Rate"",""Population Growth Rate -> Hospital Admissions -> Hospital Budget Pressure -> Pressure for Cost Containment -> Staffing Levels -> Workload -> Medical Error Rate (Care Quality) -> Discharge Planning Quality -> Continuity of Care -> Medication Reconciliation Accuracy -> 30-Day Readmission Rate"",10,""+"""
"Population Growth Rate,""30-Day Readmission Rate"",""Population Growth Rate -> Hospital Admissions -> Hospital Budget Pressure -> Pressure for Cost Containment -> Staffing Levels -> Workload -> Medical Error Rate (Care Quality) -> Discharge Planning Quality -> Continuity of Care -> Post-Discharge Follow-up Quality -> Early Detection Rate -> 30-Day Readmission Rate"",11,""+"""
"Population Growth Rate,""30-Day Readmission Rate"",""Population Growth Rate -> Hospital Admissions -> Hospital Budget Pressure -> Pressure for Cost Containment -> Discharge Planning Quality -> Average LOS -> Pressure for Early Discharge -> Post Discharge Care Needs -> Municipal Care Burden/Workload -> Care Gaps -> Post-Discharge Follow-up Quality -> Early Detection Rate -> 30-Day Readmission Rate"",12,""-"""
"Population Growth Rate,""30-Day Readmission Rate"",""Population Growth Rate -> Hospital Admissions -> Hospital Budget Pressure -> Pressure for Cost Containment -> Discharge Planning Quality -> Average LOS -> Pressure for Early Discharge -> Clinical Stability -> Premature Discharge Risk -> 30-Day Readmission Rate"",9,""-"""
"Population Growth Rate,""30-Day Readmission Rate"",""Population Growth Rate -> Hospital Admissions -> Hospital Budget Pressure -> Pressure for Cost Containment -> Discharge Planning Quality -> Premature Discharge Risk -> 30-Day Readmission Rate"",6,""+"""
"Population Growth Rate,""30-Day Readmission Rate"",""Population Growth Rate -> Hospital Admissions -> Hospital Budget Pressure -> Pressure for Cost Containment -> Discharge Planning Quality -> Continuity of Care -> Medication Reconciliation Accuracy -> 30-Day Readmission Rate"",7,""+"""
"Population Growth Rate,""30-Day Readmission Rate"",""Population Growth Rate -> Hospital Admissions -> Hospital Budget Pressure -> Pressure for Cost Containment -> Discharge Planning Quality -> Continuity of Care -> Post-Discharge Follow-up Quality -> Early Detection Rate -> 30-Day Readmission Rate"",8,""+"""
"Post-Discharge Follow-up Quality,""30-Day Readmission Rate"",""Post-Discharge Follow-up Quality -> Early Detection Rate -> 30-Day Readmission Rate"",2,""-"""
"Post-Discharge self-management,""30-Day Readmission Rate"",""Post-Discharge self-management -> Complications -> 30-Day Readmission Rate"",2,""-"""
"Post Discharge Care Needs,""30-Day Readmission Rate"",""Post Discharge Care Needs -> Municipal Care Burden/Workload -> Care Gaps -> Post-Discharge Follow-up Quality -> Early Detection Rate -> 30-Day Readmission Rate"",5,""+"""
"Premature Discharge Risk,""30-Day Readmission Rate"",""Premature Discharge Risk -> 30-Day Readmission Rate"",1,""+"""
"Pressure for Cost Containment,""30-Day Readmission Rate"",""Pressure for Cost Containment -> Average LOS -> Discharge Planning Quality -> Premature Discharge Risk -> 30-Day Readmission Rate"",4,""+"""
"Pressure for Cost Containment,""30-Day Readmission Rate"",""Pressure for Cost Containment -> Average LOS -> Discharge Planning Quality -> Continuity of Care -> Medication Reconciliation Accuracy -> 30-Day Readmission Rate"",5,""+"""
"Pressure for Cost Containment,""30-Day Readmission Rate"",""Pressure for Cost Containment -> Average LOS -> Discharge Planning Quality -> Continuity of Care -> Post-Discharge Follow-up Quality -> Early Detection Rate -> 30-Day Readmission Rate"",6,""+"""
"Pressure for Cost Containment,""30-Day Readmission Rate"",""Pressure for Cost Containment -> Average LOS -> Pressure for Early Discharge -> Post Discharge Care Needs -> Municipal Care Burden/Workload -> Care Gaps -> Post-Discharge Follow-up Quality -> Early Detection Rate -> 30-Day Readmission Rate"",8,""+"""
"Pressure for Cost Containment,""30-Day Readmission Rate"",""Pressure for Cost Containment -> Average LOS -> Pressure for Early Discharge -> Clinical Stability -> Premature Discharge Risk -> 30-Day Readmission Rate"",5,""+"""
"Pressure for Cost Containment,""30-Day Readmission Rate"",""Pressure for Cost Containment -> Staffing Levels -> Workload -> Medical Error Rate (Care Quality) -> Discharge Planning Quality -> Average LOS -> Pressure for Early Discharge -> Post Discharge Care Needs -> Municipal Care Burden/Workload -> Care Gaps -> Post-Discharge Follow-up Quality -> Early Detection Rate -> 30-Day Readmission Rate"",12,""-"""
"Pressure for Cost Containment,""30-Day Readmission Rate"",""Pressure for Cost Containment -> Staffing Levels -> Workload -> Medical Error Rate (Care Quality) -> Discharge Planning Quality -> Average LOS -> Pressure for Early Discharge -> Clinical Stability -> Premature Discharge Risk -> 30-Day Readmission Rate"",9,""-"""
"Pressure for Cost Containment,""30-Day Readmission Rate"",""Pressure for Cost Containment -> Staffing Levels -> Workload -> Medical Error Rate (Care Quality) -> Discharge Planning Quality -> Premature Discharge Risk -> 30-Day Readmission Rate"",6,""+"""
"Pressure for Cost Containment,""30-Day Readmission Rate"",""Pressure for Cost Containment -> Staffing Levels -> Workload -> Medical Error Rate (Care Quality) -> Discharge Planning Quality -> Continuity of Care -> Medication Reconciliation Accuracy -> 30-Day Readmission Rate"",7,""+"""
"Pressure for Cost Containment,""30-Day Readmission Rate"",""Pressure for Cost Containment -> Staffing Levels -> Workload -> Medical Error Rate (Care Quality) -> Discharge Planning Quality -> Continuity of Care -> Post-Discharge Follow-up Quality -> Early Detection Rate -> 30-Day Readmission Rate"",8,""+"""
"Pressure for Cost Containment,""30-Day Readmission Rate"",""Pressure for Cost Containment -> Discharge Planning Quality -> Average LOS -> Pressure for Early Discharge -> Post Discharge Care Needs -> Municipal Care Burden/Workload -> Care Gaps -> Post-Discharge Follow-up Quality -> Early Detection Rate -> 30-Day Readmission Rate"",9,""-"""
"Pressure for Cost Containment,""30-Day Readmission Rate"",""Pressure for Cost Containment -> Discharge Planning Quality -> Average LOS -> Pressure for Early Discharge -> Clinical Stability -> Premature Discharge Risk -> 30-Day Readmission Rate"",6,""-"""
"Pressure for Cost Containment,""30-Day Readmission Rate"",""Pressure for Cost Containment -> Discharge Planning Quality -> Premature Discharge Risk -> 30-Day Readmission Rate"",3,""+"""
"Pressure for Cost Containment,""30-Day Readmission Rate"",""Pressure for Cost Containment -> Discharge Planning Quality -> Continuity of Care -> Medication Reconciliation Accuracy -> 30-Day Readmission Rate"",4,""+"""
"Pressure for Cost Containment,""30-Day Readmission Rate"",""Pressure for Cost Containment -> Discharge Planning Quality -> Continuity of Care -> Post-Discharge Follow-up Quality -> Early Detection Rate -> 30-Day Readmission Rate"",5,""+"""
"Pressure for Early Discharge,""30-Day Readmission Rate"",""Pressure for Early Discharge -> Post Discharge Care Needs -> Municipal Care Burden/Workload -> Care Gaps -> Post-Discharge Follow-up Quality -> Early Detection Rate -> 30-Day Readmission Rate"",6,""+"""
"Pressure for Early Discharge,""30-Day Readmission Rate"",""Pressure for Early Discharge -> Clinical Stability -> Premature Discharge Risk -> 30-Day Readmission Rate"",3,""+"""
"Proportion of High-Risk Elderly Patients (Aging population),""30-Day Readmission Rate"",""Proportion of High-Risk Elderly Patients (Aging population) -> Comorbidities -> Patient Clinical Risk Profile -> 30-Day Readmission Rate"",3,""+"""
"Proportion of High-Risk Elderly Patients (Aging population),""30-Day Readmission Rate"",""Proportion of High-Risk Elderly Patients (Aging population) -> Severity of Illness/Acuity of Admission -> Patient Clinical Risk Profile -> 30-Day Readmission Rate"",3,""+"""
"Proportion of High-Risk Elderly Patients (Aging population),""30-Day Readmission Rate"",""Proportion of High-Risk Elderly Patients (Aging population) -> Frailty/Functional Status -> Patient Clinical Risk Profile -> 30-Day Readmission Rate"",3,""+"""
"Proportion of High-Risk Elderly Patients (Aging population),""30-Day Readmission Rate"",""Proportion of High-Risk Elderly Patients (Aging population) -> Cognitive Impairment/Status -> Patient Clinical Risk Profile -> 30-Day Readmission Rate"",3,""+"""
"Proportion of High-Risk Elderly Patients (Aging population),""30-Day Readmission Rate"",""Proportion of High-Risk Elderly Patients (Aging population) -> Emergency Department Visits/Prior Hospitalization -> Patient Clinical Risk Profile -> 30-Day Readmission Rate"",3,""+"""
"Proportion of High-Risk Elderly Patients (Aging population),""30-Day Readmission Rate"",""Proportion of High-Risk Elderly Patients (Aging population) -> Hospital Admissions -> Hospital Operating Costs -> Hospital Efficiency Mandates -> Average LOS -> Discharge Planning Quality -> Premature Discharge Risk -> 30-Day Readmission Rate"",7,""+"""
"Proportion of High-Risk Elderly Patients (Aging population),""30-Day Readmission Rate"",""Proportion of High-Risk Elderly Patients (Aging population) -> Hospital Admissions -> Hospital Operating Costs -> Hospital Efficiency Mandates -> Average LOS -> Discharge Planning Quality -> Continuity of Care -> Medication Reconciliation Accuracy -> 30-Day Readmission Rate"",8,""+"""
"Proportion of High-Risk Elderly Patients (Aging population),""30-Day Readmission Rate"",""Proportion of High-Risk Elderly Patients (Aging population) -> Hospital Admissions -> Hospital Operating Costs -> Hospital Efficiency Mandates -> Average LOS -> Discharge Planning Quality -> Continuity of Care -> Post-Discharge Follow-up Quality -> Early Detection Rate -> 30-Day Readmission Rate"",9,""+"""
"Proportion of High-Risk Elderly Patients (Aging population),""30-Day Readmission Rate"",""Proportion of High-Risk Elderly Patients (Aging population) -> Hospital Admissions -> Hospital Operating Costs -> Hospital Efficiency Mandates -> Average LOS -> Pressure for Early Discharge -> Post Discharge Care Needs -> Municipal Care Burden/Workload -> Care Gaps -> Post-Discharge Follow-up Quality -> Early Detection Rate -> 30-Day Readmission Rate"",11,""+"""
"Proportion of High-Risk Elderly Patients (Aging population),""30-Day Readmission Rate"",""Proportion of High-Risk Elderly Patients (Aging population) -> Hospital Admissions -> Hospital Operating Costs -> Hospital Efficiency Mandates -> Average LOS -> Pressure for Early Discharge -> Clinical Stability -> Premature Discharge Risk -> 30-Day Readmission Rate"",8,""+"""
"Proportion of High-Risk Elderly Patients (Aging population),""30-Day Readmission Rate"",""Proportion of High-Risk Elderly Patients (Aging population) -> Hospital Admissions -> Hospital Operating Costs -> Pressure for Cost Containment -> Average LOS -> Discharge Planning Quality -> Premature Discharge Risk -> 30-Day Readmission Rate"",7,""+"""
"Proportion of High-Risk Elderly Patients (Aging population),""30-Day Readmission Rate"",""Proportion of High-Risk Elderly Patients (Aging population) -> Hospital Admissions -> Hospital Operating Costs -> Pressure for Cost Containment -> Average LOS -> Discharge Planning Quality -> Continuity of Care -> Medication Reconciliation Accuracy -> 30-Day Readmission Rate"",8,""+"""
"Proportion of High-Risk Elderly Patients (Aging population),""30-Day Readmission Rate"",""Proportion of High-Risk Elderly Patients (Aging population) -> Hospital Admissions -> Hospital Operating Costs -> Pressure for Cost Containment -> Average LOS -> Discharge Planning Quality -> Continuity of Care -> Post-Discharge Follow-up Quality -> Early Detection Rate -> 30-Day Readmission Rate"",9,""+"""
"Proportion of High-Risk Elderly Patients (Aging population),""30-Day Readmission Rate"",""Proportion of High-Risk Elderly Patients (Aging population) -> Hospital Admissions -> Hospital Operating Costs -> Pressure for Cost Containment -> Average LOS -> Pressure for Early Discharge -> Post Discharge Care Needs -> Municipal Care Burden/Workload -> Care Gaps -> Post-Discharge Follow-up Quality -> Early Detection Rate -> 30-Day Readmission Rate"",11,""+"""
"Proportion of High-Risk Elderly Patients (Aging population),""30-Day Readmission Rate"",""Proportion of High-Risk Elderly Patients (Aging population) -> Hospital Admissions -> Hospital Operating Costs -> Pressure for Cost Containment -> Average LOS -> Pressure for Early Discharge -> Clinical Stability -> Premature Discharge Risk -> 30-Day Readmission Rate"",8,""+"""
"Proportion of High-Risk Elderly Patients (Aging population),""30-Day Readmission Rate"",""Proportion of High-Risk Elderly Patients (Aging population) -> Hospital Admissions -> Hospital Operating Costs -> Pressure for Cost Containment -> Staffing Levels -> Workload -> Medical Error Rate (Care Quality) -> Discharge Planning Quality -> Average LOS -> Pressure for Early Discharge -> Post Discharge Care Needs -> Municipal Care Burden/Workload -> Care Gaps -> Post-Discharge Follow-up Quality -> Early Detection Rate -> 30-Day Readmission Rate"",15,""-"""
"Proportion of High-Risk Elderly Patients (Aging population),""30-Day Readmission Rate"",""Proportion of High-Risk Elderly Patients (Aging population) -> Hospital Admissions -> Hospital Operating Costs -> Pressure for Cost Containment -> Staffing Levels -> Workload -> Medical Error Rate (Care Quality) -> Discharge Planning Quality -> Average LOS -> Pressure for Early Discharge -> Clinical Stability -> Premature Discharge Risk -> 30-Day Readmission Rate"",12,""-"""
"Proportion of High-Risk Elderly Patients (Aging population),""30-Day Readmission Rate"",""Proportion of High-Risk Elderly Patients (Aging population) -> Hospital Admissions -> Hospital Operating Costs -> Pressure for Cost Containment -> Staffing Levels -> Workload -> Medical Error Rate (Care Quality) -> Discharge Planning Quality -> Premature Discharge Risk -> 30-Day Readmission Rate"",9,""+"""
"Proportion of High-Risk Elderly Patients (Aging population),""30-Day Readmission Rate"",""Proportion of High-Risk Elderly Patients (Aging population) -> Hospital Admissions -> Hospital Operating Costs -> Pressure for Cost Containment -> Staffing Levels -> Workload -> Medical Error Rate (Care Quality) -> Discharge Planning Quality -> Continuity of Care -> Medication Reconciliation Accuracy -> 30-Day Readmission Rate"",10,""+"""
"Proportion of High-Risk Elderly Patients (Aging population),""30-Day Readmission Rate"",""Proportion of High-Risk Elderly Patients (Aging population) -> Hospital Admissions -> Hospital Operating Costs -> Pressure for Cost Containment -> Staffing Levels -> Workload -> Medical Error Rate (Care Quality) -> Discharge Planning Quality -> Continuity of Care -> Post-Discharge Follow-up Quality -> Early Detection Rate -> 30-Day Readmission Rate"",11,""+"""
"Proportion of High-Risk Elderly Patients (Aging population),""30-Day Readmission Rate"",""Proportion of High-Risk Elderly Patients (Aging population) -> Hospital Admissions -> Hospital Operating Costs -> Pressure for Cost Containment -> Discharge Planning Quality -> Average LOS -> Pressure for Early Discharge -> Post Discharge Care Needs -> Municipal Care Burden/Workload -> Care Gaps -> Post-Discharge Follow-up Quality -> Early Detection Rate -> 30-Day Readmission Rate"",12,""-"""
"Proportion of High-Risk Elderly Patients (Aging population),""30-Day Readmission Rate"",""Proportion of High-Risk Elderly Patients (Aging population) -> Hospital Admissions -> Hospital Operating Costs -> Pressure for Cost Containment -> Discharge Planning Quality -> Average LOS -> Pressure for Early Discharge -> Clinical Stability -> Premature Discharge Risk -> 30-Day Readmission Rate"",9,""-"""
"Proportion of High-Risk Elderly Patients (Aging population),""30-Day Readmission Rate"",""Proportion of High-Risk Elderly Patients (Aging population) -> Hospital Admissions -> Hospital Operating Costs -> Pressure for Cost Containment -> Discharge Planning Quality -> Premature Discharge Risk -> 30-Day Readmission Rate"",6,""+"""
"Proportion of High-Risk Elderly Patients (Aging population),""30-Day Readmission Rate"",""Proportion of High-Risk Elderly Patients (Aging population) -> Hospital Admissions -> Hospital Operating Costs -> Pressure for Cost Containment -> Discharge Planning Quality -> Continuity of Care -> Medication Reconciliation Accuracy -> 30-Day Readmission Rate"",7,""+"""
"Proportion of High-Risk Elderly Patients (Aging population),""30-Day Readmission Rate"",""Proportion of High-Risk Elderly Patients (Aging population) -> Hospital Admissions -> Hospital Operating Costs -> Pressure for Cost Containment -> Discharge Planning Quality -> Continuity of Care -> Post-Discharge Follow-up Quality -> Early Detection Rate -> 30-Day Readmission Rate"",8,""+"""
"Proportion of High-Risk Elderly Patients (Aging population),""30-Day Readmission Rate"",""Proportion of High-Risk Elderly Patients (Aging population) -> Hospital Admissions -> Hospital Operating Costs -> Hospital Budget Pressure -> Hospital Efficiency Mandates -> Average LOS -> Discharge Planning Quality -> Premature Discharge Risk -> 30-Day Readmission Rate"",8,""+"""
"Proportion of High-Risk Elderly Patients (Aging population),""30-Day Readmission Rate"",""Proportion of High-Risk Elderly Patients (Aging population) -> Hospital Admissions -> Hospital Operating Costs -> Hospital Budget Pressure -> Hospital Efficiency Mandates -> Average LOS -> Discharge Planning Quality -> Continuity of Care -> Medication Reconciliation Accuracy -> 30-Day Readmission Rate"",9,""+"""
"Proportion of High-Risk Elderly Patients (Aging population),""30-Day Readmission Rate"",""Proportion of High-Risk Elderly Patients (Aging population) -> Hospital Admissions -> Hospital Operating Costs -> Hospital Budget Pressure -> Hospital Efficiency Mandates -> Average LOS -> Discharge Planning Quality -> Continuity of Care -> Post-Discharge Follow-up Quality -> Early Detection Rate -> 30-Day Readmission Rate"",10,""+"""
"Proportion of High-Risk Elderly Patients (Aging population),""30-Day Readmission Rate"",""Proportion of High-Risk Elderly Patients (Aging population) -> Hospital Admissions -> Hospital Operating Costs -> Hospital Budget Pressure -> Hospital Efficiency Mandates -> Average LOS -> Pressure for Early Discharge -> Post Discharge Care Needs -> Municipal Care Burden/Workload -> Care Gaps -> Post-Discharge Follow-up Quality -> Early Detection Rate -> 30-Day Readmission Rate"",12,""+"""
"Proportion of High-Risk Elderly Patients (Aging population),""30-Day Readmission Rate"",""Proportion of High-Risk Elderly Patients (Aging population) -> Hospital Admissions -> Hospital Operating Costs -> Hospital Budget Pressure -> Hospital Efficiency Mandates -> Average LOS -> Pressure for Early Discharge -> Clinical Stability -> Premature Discharge Risk -> 30-Day Readmission Rate"",9,""+"""
"Proportion of High-Risk Elderly Patients (Aging population),""30-Day Readmission Rate"",""Proportion of High-Risk Elderly Patients (Aging population) -> Hospital Admissions -> Hospital Operating Costs -> Hospital Budget Pressure -> Pressure for Cost Containment -> Average LOS -> Discharge Planning Quality -> Premature Discharge Risk -> 30-Day Readmission Rate"",8,""+"""
"Proportion of High-Risk Elderly Patients (Aging population),""30-Day Readmission Rate"",""Proportion of High-Risk Elderly Patients (Aging population) -> Hospital Admissions -> Hospital Operating Costs -> Hospital Budget Pressure -> Pressure for Cost Containment -> Average LOS -> Discharge Planning Quality -> Continuity of Care -> Medication Reconciliation Accuracy -> 30-Day Readmission Rate"",9,""+"""
"Proportion of High-Risk Elderly Patients (Aging population),""30-Day Readmission Rate"",""Proportion of High-Risk Elderly Patients (Aging population) -> Hospital Admissions -> Hospital Operating Costs -> Hospital Budget Pressure -> Pressure for Cost Containment -> Average LOS -> Discharge Planning Quality -> Continuity of Care -> Post-Discharge Follow-up Quality -> Early Detection Rate -> 30-Day Readmission Rate"",10,""+"""
"Proportion of High-Risk Elderly Patients (Aging population),""30-Day Readmission Rate"",""Proportion of High-Risk Elderly Patients (Aging population) -> Hospital Admissions -> Hospital Operating Costs -> Hospital Budget Pressure -> Pressure for Cost Containment -> Average LOS -> Pressure for Early Discharge -> Post Discharge Care Needs -> Municipal Care Burden/Workload -> Care Gaps -> Post-Discharge Follow-up Quality -> Early Detection Rate -> 30-Day Readmission Rate"",12,""+"""
"Proportion of High-Risk Elderly Patients (Aging population),""30-Day Readmission Rate"",""Proportion of High-Risk Elderly Patients (Aging population) -> Hospital Admissions -> Hospital Operating Costs -> Hospital Budget Pressure -> Pressure for Cost Containment -> Average LOS -> Pressure for Early Discharge -> Clinical Stability -> Premature Discharge Risk -> 30-Day Readmission Rate"",9,""+"""
"Proportion of High-Risk Elderly Patients (Aging population),""30-Day Readmission Rate"",""Proportion of High-Risk Elderly Patients (Aging population) -> Hospital Admissions -> Hospital Operating Costs -> Hospital Budget Pressure -> Pressure for Cost Containment -> Staffing Levels -> Workload -> Medical Error Rate (Care Quality) -> Discharge Planning Quality -> Average LOS -> Pressure for Early Discharge -> Post Discharge Care Needs -> Municipal Care Burden/Workload -> Care Gaps -> Post-Discharge Follow-up Quality -> Early Detection Rate -> 30-Day Readmission Rate"",16,""-"""
"Proportion of High-Risk Elderly Patients (Aging population),""30-Day Readmission Rate"",""Proportion of High-Risk Elderly Patients (Aging population) -> Hospital Admissions -> Hospital Operating Costs -> Hospital Budget Pressure -> Pressure for Cost Containment -> Staffing Levels -> Workload -> Medical Error Rate (Care Quality) -> Discharge Planning Quality -> Average LOS -> Pressure for Early Discharge -> Clinical Stability -> Premature Discharge Risk -> 30-Day Readmission Rate"",13,""-"""
"Proportion of High-Risk Elderly Patients (Aging population),""30-Day Readmission Rate"",""Proportion of High-Risk Elderly Patients (Aging population) -> Hospital Admissions -> Hospital Operating Costs -> Hospital Budget Pressure -> Pressure for Cost Containment -> Staffing Levels -> Workload -> Medical Error Rate (Care Quality) -> Discharge Planning Quality -> Premature Discharge Risk -> 30-Day Readmission Rate"",10,""+"""
"Proportion of High-Risk Elderly Patients (Aging population),""30-Day Readmission Rate"",""Proportion of High-Risk Elderly Patients (Aging population) -> Hospital Admissions -> Hospital Operating Costs -> Hospital Budget Pressure -> Pressure for Cost Containment -> Staffing Levels -> Workload -> Medical Error Rate (Care Quality) -> Discharge Planning Quality -> Continuity of Care -> Medication Reconciliation Accuracy -> 30-Day Readmission Rate"",11,""+"""
"Proportion of High-Risk Elderly Patients (Aging population),""30-Day Readmission Rate"",""Proportion of High-Risk Elderly Patients (Aging population) -> Hospital Admissions -> Hospital Operating Costs -> Hospital Budget Pressure -> Pressure for Cost Containment -> Staffing Levels -> Workload -> Medical Error Rate (Care Quality) -> Discharge Planning Quality -> Continuity of Care -> Post-Discharge Follow-up Quality -> Early Detection Rate -> 30-Day Readmission Rate"",12,""+"""
"Proportion of High-Risk Elderly Patients (Aging population),""30-Day Readmission Rate"",""Proportion of High-Risk Elderly Patients (Aging population) -> Hospital Admissions -> Hospital Operating Costs -> Hospital Budget Pressure -> Pressure for Cost Containment -> Discharge Planning Quality -> Average LOS -> Pressure for Early Discharge -> Post Discharge Care Needs -> Municipal Care Burden/Workload -> Care Gaps -> Post-Discharge Follow-up Quality -> Early Detection Rate -> 30-Day Readmission Rate"",13,""-"""
"Proportion of High-Risk Elderly Patients (Aging population),""30-Day Readmission Rate"",""Proportion of High-Risk Elderly Patients (Aging population) -> Hospital Admissions -> Hospital Operating Costs -> Hospital Budget Pressure -> Pressure for Cost Containment -> Discharge Planning Quality -> Average LOS -> Pressure for Early Discharge -> Clinical Stability -> Premature Discharge Risk -> 30-Day Readmission Rate"",10,""-"""
"Proportion of High-Risk Elderly Patients (Aging population),""30-Day Readmission Rate"",""Proportion of High-Risk Elderly Patients (Aging population) -> Hospital Admissions -> Hospital Operating Costs -> Hospital Budget Pressure -> Pressure for Cost Containment -> Discharge Planning Quality -> Premature Discharge Risk -> 30-Day Readmission Rate"",7,""+"""
"Proportion of High-Risk Elderly Patients (Aging population),""30-Day Readmission Rate"",""Proportion of High-Risk Elderly Patients (Aging population) -> Hospital Admissions -> Hospital Operating Costs -> Hospital Budget Pressure -> Pressure for Cost Containment -> Discharge Planning Quality -> Continuity of Care -> Medication Reconciliation Accuracy -> 30-Day Readmission Rate"",8,""+"""
"Proportion of High-Risk Elderly Patients (Aging population),""30-Day Readmission Rate"",""Proportion of High-Risk Elderly Patients (Aging population) -> Hospital Admissions -> Hospital Operating Costs -> Hospital Budget Pressure -> Pressure for Cost Containment -> Discharge Planning Quality -> Continuity of Care -> Post-Discharge Follow-up Quality -> Early Detection Rate -> 30-Day Readmission Rate"",9,""+"""
"Proportion of High-Risk Elderly Patients (Aging population),""30-Day Readmission Rate"",""Proportion of High-Risk Elderly Patients (Aging population) -> Hospital Admissions -> Workload -> Medical Error Rate (Care Quality) -> Discharge Planning Quality -> Average LOS -> Pressure for Early Discharge -> Post Discharge Care Needs -> Municipal Care Burden/Workload -> Care Gaps -> Post-Discharge Follow-up Quality -> Early Detection Rate -> 30-Day Readmission Rate"",12,""-"""
"Proportion of High-Risk Elderly Patients (Aging population),""30-Day Readmission Rate"",""Proportion of High-Risk Elderly Patients (Aging population) -> Hospital Admissions -> Workload -> Medical Error Rate (Care Quality) -> Discharge Planning Quality -> Average LOS -> Pressure for Early Discharge -> Clinical Stability -> Premature Discharge Risk -> 30-Day Readmission Rate"",9,""-"""
"Proportion of High-Risk Elderly Patients (Aging population),""30-Day Readmission Rate"",""Proportion of High-Risk Elderly Patients (Aging population) -> Hospital Admissions -> Workload -> Medical Error Rate (Care Quality) -> Discharge Planning Quality -> Premature Discharge Risk -> 30-Day Readmission Rate"",6,""+"""
"Proportion of High-Risk Elderly Patients (Aging population),""30-Day Readmission Rate"",""Proportion of High-Risk Elderly Patients (Aging population) -> Hospital Admissions -> Workload -> Medical Error Rate (Care Quality) -> Discharge Planning Quality -> Continuity of Care -> Medication Reconciliation Accuracy -> 30-Day Readmission Rate"",7,""+"""
"Proportion of High-Risk Elderly Patients (Aging population),""30-Day Readmission Rate"",""Proportion of High-Risk Elderly Patients (Aging population) -> Hospital Admissions -> Workload -> Medical Error Rate (Care Quality) -> Discharge Planning Quality -> Continuity of Care -> Post-Discharge Follow-up Quality -> Early Detection Rate -> 30-Day Readmission Rate"",8,""+"""
"Proportion of High-Risk Elderly Patients (Aging population),""30-Day Readmission Rate"",""Proportion of High-Risk Elderly Patients (Aging population) -> Hospital Admissions -> Patients Satisfaction -> Policy Support for Quality -> Funding for Quality Improvement -> Discharge Planning Quality -> Average LOS -> Pressure for Early Discharge -> Post Discharge Care Needs -> Municipal Care Burden/Workload -> Care Gaps -> Post-Discharge Follow-up Quality -> Early Detection Rate -> 30-Day Readmission Rate"",13,""+"""
"Proportion of High-Risk Elderly Patients (Aging population),""30-Day Readmission Rate"",""Proportion of High-Risk Elderly Patients (Aging population) -> Hospital Admissions -> Patients Satisfaction -> Policy Support for Quality -> Funding for Quality Improvement -> Discharge Planning Quality -> Average LOS -> Pressure for Early Discharge -> Clinical Stability -> Premature Discharge Risk -> 30-Day Readmission Rate"",10,""+"""
"Proportion of High-Risk Elderly Patients (Aging population),""30-Day Readmission Rate"",""Proportion of High-Risk Elderly Patients (Aging population) -> Hospital Admissions -> Patients Satisfaction -> Policy Support for Quality -> Funding for Quality Improvement -> Discharge Planning Quality -> Premature Discharge Risk -> 30-Day Readmission Rate"",7,""-"""
"Proportion of High-Risk Elderly Patients (Aging population),""30-Day Readmission Rate"",""Proportion of High-Risk Elderly Patients (Aging population) -> Hospital Admissions -> Patients Satisfaction -> Policy Support for Quality -> Funding for Quality Improvement -> Discharge Planning Quality -> Continuity of Care -> Medication Reconciliation Accuracy -> 30-Day Readmission Rate"",8,""-"""
"Proportion of High-Risk Elderly Patients (Aging population),""30-Day Readmission Rate"",""Proportion of High-Risk Elderly Patients (Aging population) -> Hospital Admissions -> Patients Satisfaction -> Policy Support for Quality -> Funding for Quality Improvement -> Discharge Planning Quality -> Continuity of Care -> Post-Discharge Follow-up Quality -> Early Detection Rate -> 30-Day Readmission Rate"",9,""-"""
"Proportion of High-Risk Elderly Patients (Aging population),""30-Day Readmission Rate"",""Proportion of High-Risk Elderly Patients (Aging population) -> Hospital Admissions -> Hospital Budget Pressure -> Hospital Efficiency Mandates -> Average LOS -> Hospital Operating Costs -> Pressure for Cost Containment -> Staffing Levels -> Workload -> Medical Error Rate (Care Quality) -> Discharge Planning Quality -> Premature Discharge Risk -> 30-Day Readmission Rate"",12,""-"""
"Proportion of High-Risk Elderly Patients (Aging population),""30-Day Readmission Rate"",""Proportion of High-Risk Elderly Patients (Aging population) -> Hospital Admissions -> Hospital Budget Pressure -> Hospital Efficiency Mandates -> Average LOS -> Hospital Operating Costs -> Pressure for Cost Containment -> Staffing Levels -> Workload -> Medical Error Rate (Care Quality) -> Discharge Planning Quality -> Continuity of Care -> Medication Reconciliation Accuracy -> 30-Day Readmission Rate"",13,""-"""
"Proportion of High-Risk Elderly Patients (Aging population),""30-Day Readmission Rate"",""Proportion of High-Risk Elderly Patients (Aging population) -> Hospital Admissions -> Hospital Budget Pressure -> Hospital Efficiency Mandates -> Average LOS -> Hospital Operating Costs -> Pressure for Cost Containment -> Staffing Levels -> Workload -> Medical Error Rate (Care Quality) -> Discharge Planning Quality -> Continuity of Care -> Post-Discharge Follow-up Quality -> Early Detection Rate -> 30-Day Readmission Rate"",14,""-"""
"Proportion of High-Risk Elderly Patients (Aging population),""30-Day Readmission Rate"",""Proportion of High-Risk Elderly Patients (Aging population) -> Hospital Admissions -> Hospital Budget Pressure -> Hospital Efficiency Mandates -> Average LOS -> Hospital Operating Costs -> Pressure for Cost Containment -> Discharge Planning Quality -> Premature Discharge Risk -> 30-Day Readmission Rate"",9,""-"""
"Proportion of High-Risk Elderly Patients (Aging population),""30-Day Readmission Rate"",""Proportion of High-Risk Elderly Patients (Aging population) -> Hospital Admissions -> Hospital Budget Pressure -> Hospital Efficiency Mandates -> Average LOS -> Hospital Operating Costs -> Pressure for Cost Containment -> Discharge Planning Quality -> Continuity of Care -> Medication Reconciliation Accuracy -> 30-Day Readmission Rate"",10,""-"""
"Proportion of High-Risk Elderly Patients (Aging population),""30-Day Readmission Rate"",""Proportion of High-Risk Elderly Patients (Aging population) -> Hospital Admissions -> Hospital Budget Pressure -> Hospital Efficiency Mandates -> Average LOS -> Hospital Operating Costs -> Pressure for Cost Containment -> Discharge Planning Quality -> Continuity of Care -> Post-Discharge Follow-up Quality -> Early Detection Rate -> 30-Day Readmission Rate"",11,""-"""
"Proportion of High-Risk Elderly Patients (Aging population),""30-Day Readmission Rate"",""Proportion of High-Risk Elderly Patients (Aging population) -> Hospital Admissions -> Hospital Budget Pressure -> Hospital Efficiency Mandates -> Average LOS -> Discharge Planning Quality -> Premature Discharge Risk -> 30-Day Readmission Rate"",7,""+"""
"Proportion of High-Risk Elderly Patients (Aging population),""30-Day Readmission Rate"",""Proportion of High-Risk Elderly Patients (Aging population) -> Hospital Admissions -> Hospital Budget Pressure -> Hospital Efficiency Mandates -> Average LOS -> Discharge Planning Quality -> Continuity of Care -> Medication Reconciliation Accuracy -> 30-Day Readmission Rate"",8,""+"""
"Proportion of High-Risk Elderly Patients (Aging population),""30-Day Readmission Rate"",""Proportion of High-Risk Elderly Patients (Aging population) -> Hospital Admissions -> Hospital Budget Pressure -> Hospital Efficiency Mandates -> Average LOS -> Discharge Planning Quality -> Continuity of Care -> Post-Discharge Follow-up Quality -> Early Detection Rate -> 30-Day Readmission Rate"",9,""+"""
"Proportion of High-Risk Elderly Patients (Aging population),""30-Day Readmission Rate"",""Proportion of High-Risk Elderly Patients (Aging population) -> Hospital Admissions -> Hospital Budget Pressure -> Hospital Efficiency Mandates -> Average LOS -> Pressure for Early Discharge -> Post Discharge Care Needs -> Municipal Care Burden/Workload -> Care Gaps -> Post-Discharge Follow-up Quality -> Early Detection Rate -> 30-Day Readmission Rate"",11,""+"""
"Proportion of High-Risk Elderly Patients (Aging population),""30-Day Readmission Rate"",""Proportion of High-Risk Elderly Patients (Aging population) -> Hospital Admissions -> Hospital Budget Pressure -> Hospital Efficiency Mandates -> Average LOS -> Pressure for Early Discharge -> Clinical Stability -> Premature Discharge Risk -> 30-Day Readmission Rate"",8,""+"""
"Proportion of High-Risk Elderly Patients (Aging population),""30-Day Readmission Rate"",""Proportion of High-Risk Elderly Patients (Aging population) -> Hospital Admissions -> Hospital Budget Pressure -> Pressure for Cost Containment -> Average LOS -> Discharge Planning Quality -> Premature Discharge Risk -> 30-Day Readmission Rate"",7,""+"""
"Proportion of High-Risk Elderly Patients (Aging population),""30-Day Readmission Rate"",""Proportion of High-Risk Elderly Patients (Aging population) -> Hospital Admissions -> Hospital Budget Pressure -> Pressure for Cost Containment -> Average LOS -> Discharge Planning Quality -> Continuity of Care -> Medication Reconciliation Accuracy -> 30-Day Readmission Rate"",8,""+"""
"Proportion of High-Risk Elderly Patients (Aging population),""30-Day Readmission Rate"",""Proportion of High-Risk Elderly Patients (Aging population) -> Hospital Admissions -> Hospital Budget Pressure -> Pressure for Cost Containment -> Average LOS -> Discharge Planning Quality -> Continuity of Care -> Post-Discharge Follow-up Quality -> Early Detection Rate -> 30-Day Readmission Rate"",9,""+"""
"Proportion of High-Risk Elderly Patients (Aging population),""30-Day Readmission Rate"",""Proportion of High-Risk Elderly Patients (Aging population) -> Hospital Admissions -> Hospital Budget Pressure -> Pressure for Cost Containment -> Average LOS -> Pressure for Early Discharge -> Post Discharge Care Needs -> Municipal Care Burden/Workload -> Care Gaps -> Post-Discharge Follow-up Quality -> Early Detection Rate -> 30-Day Readmission Rate"",11,""+"""
"Proportion of High-Risk Elderly Patients (Aging population),""30-Day Readmission Rate"",""Proportion of High-Risk Elderly Patients (Aging population) -> Hospital Admissions -> Hospital Budget Pressure -> Pressure for Cost Containment -> Average LOS -> Pressure for Early Discharge -> Clinical Stability -> Premature Discharge Risk -> 30-Day Readmission Rate"",8,""+"""
"Proportion of High-Risk Elderly Patients (Aging population),""30-Day Readmission Rate"",""Proportion of High-Risk Elderly Patients (Aging population) -> Hospital Admissions -> Hospital Budget Pressure -> Pressure for Cost Containment -> Staffing Levels -> Workload -> Medical Error Rate (Care Quality) -> Discharge Planning Quality -> Average LOS -> Pressure for Early Discharge -> Post Discharge Care Needs -> Municipal Care Burden/Workload -> Care Gaps -> Post-Discharge Follow-up Quality -> Early Detection Rate -> 30-Day Readmission Rate"",15,""-"""
"Proportion of High-Risk Elderly Patients (Aging population),""30-Day Readmission Rate"",""Proportion of High-Risk Elderly Patients (Aging population) -> Hospital Admissions -> Hospital Budget Pressure -> Pressure for Cost Containment -> Staffing Levels -> Workload -> Medical Error Rate (Care Quality) -> Discharge Planning Quality -> Average LOS -> Pressure for Early Discharge -> Clinical Stability -> Premature Discharge Risk -> 30-Day Readmission Rate"",12,""-"""
"Proportion of High-Risk Elderly Patients (Aging population),""30-Day Readmission Rate"",""Proportion of High-Risk Elderly Patients (Aging population) -> Hospital Admissions -> Hospital Budget Pressure -> Pressure for Cost Containment -> Staffing Levels -> Workload -> Medical Error Rate (Care Quality) -> Discharge Planning Quality -> Premature Discharge Risk -> 30-Day Readmission Rate"",9,""+"""
"Proportion of High-Risk Elderly Patients (Aging population),""30-Day Readmission Rate"",""Proportion of High-Risk Elderly Patients (Aging population) -> Hospital Admissions -> Hospital Budget Pressure -> Pressure for Cost Containment -> Staffing Levels -> Workload -> Medical Error Rate (Care Quality) -> Discharge Planning Quality -> Continuity of Care -> Medication Reconciliation Accuracy -> 30-Day Readmission Rate"",10,""+"""
"Proportion of High-Risk Elderly Patients (Aging population),""30-Day Readmission Rate"",""Proportion of High-Risk Elderly Patients (Aging population) -> Hospital Admissions -> Hospital Budget Pressure -> Pressure for Cost Containment -> Staffing Levels -> Workload -> Medical Error Rate (Care Quality) -> Discharge Planning Quality -> Continuity of Care -> Post-Discharge Follow-up Quality -> Early Detection Rate -> 30-Day Readmission Rate"",11,""+"""
"Proportion of High-Risk Elderly Patients (Aging population),""30-Day Readmission Rate"",""Proportion of High-Risk Elderly Patients (Aging population) -> Hospital Admissions -> Hospital Budget Pressure -> Pressure for Cost Containment -> Discharge Planning Quality -> Average LOS -> Pressure for Early Discharge -> Post Discharge Care Needs -> Municipal Care Burden/Workload -> Care Gaps -> Post-Discharge Follow-up Quality -> Early Detection Rate -> 30-Day Readmission Rate"",12,""-"""
"Proportion of High-Risk Elderly Patients (Aging population),""30-Day Readmission Rate"",""Proportion of High-Risk Elderly Patients (Aging population) -> Hospital Admissions -> Hospital Budget Pressure -> Pressure for Cost Containment -> Discharge Planning Quality -> Average LOS -> Pressure for Early Discharge -> Clinical Stability -> Premature Discharge Risk -> 30-Day Readmission Rate"",9,""-"""
"Proportion of High-Risk Elderly Patients (Aging population),""30-Day Readmission Rate"",""Proportion of High-Risk Elderly Patients (Aging population) -> Hospital Admissions -> Hospital Budget Pressure -> Pressure for Cost Containment -> Discharge Planning Quality -> Premature Discharge Risk -> 30-Day Readmission Rate"",6,""+"""
"Proportion of High-Risk Elderly Patients (Aging population),""30-Day Readmission Rate"",""Proportion of High-Risk Elderly Patients (Aging population) -> Hospital Admissions -> Hospital Budget Pressure -> Pressure for Cost Containment -> Discharge Planning Quality -> Continuity of Care -> Medication Reconciliation Accuracy -> 30-Day Readmission Rate"",7,""+"""
"Proportion of High-Risk Elderly Patients (Aging population),""30-Day Readmission Rate"",""Proportion of High-Risk Elderly Patients (Aging population) -> Hospital Admissions -> Hospital Budget Pressure -> Pressure for Cost Containment -> Discharge Planning Quality -> Continuity of Care -> Post-Discharge Follow-up Quality -> Early Detection Rate -> 30-Day Readmission Rate"",8,""+"""
"Severity of Illness/Acuity of Admission,""30-Day Readmission Rate"",""Severity of Illness/Acuity of Admission -> Patient Clinical Risk Profile -> 30-Day Readmission Rate"",2,""+"""
"Socio-economic Vulnerability,""30-Day Readmission Rate"",""Socio-economic Vulnerability -> Medication Adherence -> Complications -> 30-Day Readmission Rate"",3,""+"""
"Socio-economic Vulnerability,""30-Day Readmission Rate"",""Socio-economic Vulnerability -> Post-Discharge self-management -> Complications -> 30-Day Readmission Rate"",3,""+"""
"Staffing Levels,""30-Day Readmission Rate"",""Staffing Levels -> Workload -> Medical Error Rate (Care Quality) -> Discharge Planning Quality -> Average LOS -> Pressure for Early Discharge -> Post Discharge Care Needs -> Municipal Care Burden/Workload -> Care Gaps -> Post-Discharge Follow-up Quality -> Early Detection Rate -> 30-Day Readmission Rate"",11,""+"""
"Staffing Levels,""30-Day Readmission Rate"",""Staffing Levels -> Workload -> Medical Error Rate (Care Quality) -> Discharge Planning Quality -> Average LOS -> Pressure for Early Discharge -> Clinical Stability -> Premature Discharge Risk -> 30-Day Readmission Rate"",8,""+"""
"Staffing Levels,""30-Day Readmission Rate"",""Staffing Levels -> Workload -> Medical Error Rate (Care Quality) -> Discharge Planning Quality -> Premature Discharge Risk -> 30-Day Readmission Rate"",5,""-"""
"Staffing Levels,""30-Day Readmission Rate"",""Staffing Levels -> Workload -> Medical Error Rate (Care Quality) -> Discharge Planning Quality -> Continuity of Care -> Medication Reconciliation Accuracy -> 30-Day Readmission Rate"",6,""-"""
"Staffing Levels,""30-Day Readmission Rate"",""Staffing Levels -> Workload -> Medical Error Rate (Care Quality) -> Discharge Planning Quality -> Continuity of Care -> Post-Discharge Follow-up Quality -> Early Detection Rate -> 30-Day Readmission Rate"",7,""-"""
"Unmet ADL needs,""30-Day Readmission Rate"",""Unmet ADL needs -> Premature Discharge Risk -> 30-Day Readmission Rate"",2,""+"""
"Workload,""30-Day Readmission Rate"",""Workload -> Medical Error Rate (Care Quality) -> Discharge Planning Quality -> Average LOS -> Pressure for Early Discharge -> Post Discharge Care Needs -> Municipal Care Burden/Workload -> Care Gaps -> Post-Discharge Follow-up Quality -> Early Detection Rate -> 30-Day Readmission Rate"",10,""-"""
"Workload,""30-Day Readmission Rate"",""Workload -> Medical Error Rate (Care Quality) -> Discharge Planning Quality -> Average LOS -> Pressure for Early Discharge -> Clinical Stability -> Premature Discharge Risk -> 30-Day Readmission Rate"",7,""-"""
"Workload,""30-Day Readmission Rate"",""Workload -> Medical Error Rate (Care Quality) -> Discharge Planning Quality -> Premature Discharge Risk -> 30-Day Readmission Rate"",4,""+"""
"Workload,""30-Day Readmission Rate"",""Workload -> Medical Error Rate (Care Quality) -> Discharge Planning Quality -> Continuity of Care -> Medication Reconciliation Accuracy -> 30-Day Readmission Rate"",5,""+"""
"Workload,""30-Day Readmission Rate"",""Workload -> Medical Error Rate (Care Quality) -> Discharge Planning Quality -> Continuity of Care -> Post-Discharge Follow-up Quality -> Early Detection Rate -> 30-Day Readmission Rate"",6,""+"""
